time,x0,x1,x2,x3,x4,x5,regime_id
0,0.05643249,0.15086278,0.35941156,0.52449524,0.07459370,-0.17811686,0
1,-0.25063742,0.00359626,-0.02936731,0.14857226,0.00186833,-0.10962267,0
2,0.11848425,-0.09288305,-0.06692174,-0.19885647,-0.26814734,-0.13940605,0
3,-0.00186688,0.30602337,-0.03836744,0.13193394,-0.18125756,-0.27925323,0
4,-0.14692589,-0.11498676,0.30143685,-0.09623106,0.09330599,-0.29466233,0
5,0.08634652,0.03190673,0.03619470,-0.08709076,-0.10100026,-0.05913363,0
6,-0.06411700,-0.18633790,-0.22780812,0.02115858,0.23696119,0.00081798,0
7,-0.04365098,0.02848632,0.13494171,0.02964721,0.01260362,0.19951901,0
8,0.06518247,0.26671199,0.13870254,-0.22107988,-0.24105403,0.39157429,0
9,0.29121805,0.06645139,0.08296225,0.19418264,-0.34388187,0.02423201,0
10,0.27773415,-0.09310439,0.04123740,0.13001955,0.01654767,0.26481270,0
11,0.15921222,0.15186284,-0.28942972,0.12148015,-0.10471639,-0.09408380,0
12,-0.06633414,-0.01616327,0.01556679,-0.14552867,-0.01382686,-0.13166853,0
13,-0.11703736,0.18580190,0.07316769,0.16437518,-0.06122921,-0.18757183,0
14,-0.05471194,0.00561630,0.02048769,-0.16344904,0.01130866,-0.04767306,0
15,0.39618698,0.36548383,-0.15562164,-0.13186883,-0.29847108,-0.12888493,0
16,0.19434360,0.42207829,-0.22967500,-0.05737917,-0.53899056,-0.09026490,0
17,-0.12224188,-0.02480598,-0.27992815,0.01553319,-0.51511803,-0.30677917,0
18,0.33557165,-0.42514504,-0.39188060,0.30207578,0.41354887,-0.35604200,0
19,0.13668176,0.07416516,0.05597206,0.03704457,0.18168064,-0.02854915,0
20,0.14295623,0.04267896,-0.00606140,-0.19403061,-0.00462473,-0.06145847,0
21,0.06081079,0.01027980,0.06794828,0.14618553,-0.02316255,0.03423559,0
22,0.06545982,-0.01928048,-0.09201241,0.13201682,0.00857053,0.39296969,0
23,0.33807189,0.05439757,-0.08669915,-0.12946657,0.24895344,0.23323800,0
24,0.20024555,-0.08113317,0.18287023,0.12661165,-0.18086507,0.02548775,0
25,0.15737372,-0.02983756,0.03386009,0.08827309,-0.04555544,0.03952140,0
26,0.34889572,-0.45284036,-0.01855133,0.11134672,0.06733150,-0.04824411,0
27,-0.14755187,0.02155324,0.29155963,-0.13302124,0.26423549,-0.08196241,0
28,-0.10032469,-0.12729619,0.04918656,0.13953499,0.13151573,0.27303358,0
29,0.19928970,0.00422630,0.39891769,0.10568643,0.22943754,0.07580969,0
30,0.11711137,-0.02084734,0.37140026,-0.11373604,0.21589244,0.00155400,0
31,0.23585582,0.25566587,0.49164429,0.11983543,-0.25652513,-0.01131626,0
32,-0.08763377,-0.03055095,0.48591939,0.22908956,-0.19557589,-0.18782369,0
33,0.01726088,-0.36974173,0.04961971,0.12183033,0.21982846,0.02070373,0
34,-0.37977786,-0.02985971,0.03962247,0.12755619,0.42397987,-0.36158642,0
35,-0.23799681,0.05046557,-0.35112973,0.20825809,0.19548408,-0.01870827,0
36,-0.15842079,0.08223635,0.03334418,0.05665992,0.12565505,0.03980951,0
37,-0.20957586,-0.03407807,-0.00353270,0.04642578,0.20872402,-0.17169966,0
38,-0.10013091,0.22934182,-0.17523827,-0.18915985,0.09925778,0.07074548,0
39,-0.07920144,0.35405444,0.09346056,0.04832937,0.04499259,0.45245250,0
40,-0.05983252,-0.27325551,0.43490139,-0.08577089,-0.01305285,0.44980800,0
41,-0.33126478,-0.31570643,0.00766509,-0.19383495,0.09819962,0.30719138,0
42,-0.12882109,-0.39313440,-0.34117045,-0.16088873,-0.05855808,0.22804449,0
43,0.03904653,-0.12103664,0.03947925,-0.05891172,0.10540387,-0.01893640,0
44,-0.02837112,0.05315270,0.16068859,-0.08307249,0.12271859,-0.05681120,0
45,-0.05034150,0.21118548,-0.30116336,-0.27425596,-0.26573366,-0.44693250,0
46,-0.20038246,0.18321198,-0.28760788,-0.08709458,0.04229316,0.02750655,0
47,-0.11414777,0.26820247,-0.10369997,-0.24205189,-0.14470538,-0.25348118,0
48,-0.25801714,0.00530708,0.04016413,0.18165422,-0.37653820,-0.04923183,0
49,-0.25685144,-0.14881109,-0.01732944,-0.33102110,0.12191133,-0.13219536,0
50,-0.27231462,-0.21104133,-0.15607405,-0.12674841,-0.05842162,-0.00339228,0
51,-0.07481901,0.09320263,-0.13122473,-0.39325214,0.18227282,-0.06127301,0
52,0.08726262,0.22270069,-0.09561324,-0.11390187,0.28990394,0.34486368,0
53,0.02504708,0.23797688,0.23162732,-0.17246356,0.06629157,0.15852531,0
54,0.03089737,-0.00299564,-0.14733182,-0.43419383,-0.26089025,-0.00755146,0
55,-0.13064214,0.39727642,0.13244074,-0.33602443,-0.09367457,-0.07684724,0
56,-0.17585134,0.17682121,0.15194913,-0.23097802,0.03465006,-0.24191102,0
57,-0.12041002,0.53275646,0.05094737,0.11675176,-0.05436544,-0.00992619,0
58,-0.03599663,0.05609127,-0.12017224,0.08941367,-0.21986673,0.11510853,0
59,0.19903829,-0.01049843,-0.07774284,0.10683514,-0.09370164,0.22286487,0
60,-0.22438467,-0.04861543,-0.34087712,-0.17036968,0.24990014,0.26658722,0
61,-0.25861508,-0.25144528,-0.62188829,-0.22887996,0.46127530,0.20442138,0
62,-0.25632388,0.09780888,-0.50742830,-0.21741503,0.10885960,0.08122882,0
63,-0.00990493,0.09106116,-0.08433036,-0.28262162,0.12256220,0.33164404,0
64,-0.23781990,-0.02893106,0.28024721,-0.14896413,0.20309923,0.07726899,0
65,0.13167458,0.02633176,0.18783155,0.15524461,-0.04827384,-0.13284028,0
66,0.00657306,0.08228801,-0.22993490,0.21349381,-0.07697037,0.14374968,0
67,-0.38360941,-0.18771782,-0.37147750,-0.06246879,0.06273398,0.03575785,0
68,-0.21851640,-0.18684254,-0.11869528,-0.31514698,0.15576315,0.13619957,0
69,-0.08761369,0.08762061,0.03268104,0.17970349,-0.02305157,0.00917115,0
70,-0.13458775,-0.23904828,-0.20748412,-0.11382967,0.00923104,0.06451268,0
71,-0.07066762,-0.22942404,0.08562346,0.04988788,-0.01610964,-0.08699917,0
72,0.07969543,-0.08127156,-0.24313864,-0.01258239,0.08942491,-0.20311083,0
73,0.06475190,-0.23354068,0.08630908,0.24228571,-0.01575329,-0.03068503,0
74,-0.35616768,-0.32713512,-0.02198838,-0.07883224,0.21482629,0.34499401,0
75,-0.37668373,-0.29916859,0.11273997,0.15771412,-0.13967122,0.20806879,0
76,0.20382770,-0.59983858,-0.13266627,-0.12086309,-0.04462208,0.24472103,0
77,0.10317596,-0.42540005,0.09112513,-0.09385656,0.28279961,0.00282993,0
78,-0.09121176,0.09569116,0.17811553,0.07285479,-0.19618768,0.09818525,0
79,-0.20895806,-0.02948901,-0.15504854,0.08323688,-0.18767920,-0.18441550,0
80,0.05880900,-0.10911216,-0.22158715,0.23478283,-0.09862279,-0.08148129,0
81,0.12197820,-0.21298511,-0.03168881,0.01347729,-0.02711788,0.20672083,0
82,-0.13365959,-0.47237408,0.32397460,0.49883959,-0.04385653,-0.25081587,0
83,-0.00733085,-0.38765524,0.05030197,-0.04118719,0.27800452,-0.02426829,0
84,-0.28065561,0.08412486,0.38600610,0.01259162,0.05155575,-0.03704371,0
85,-0.00357359,-0.36896549,0.19099565,-0.14499354,0.33439313,-0.04887922,0
86,0.26842821,-0.19150322,0.17848194,-0.00083320,-0.05756285,0.00880291,0
87,0.32993536,-0.04427377,-0.22390612,0.07272465,-0.14670236,-0.05745606,0
88,0.13799964,-0.26738567,-0.40275897,0.20919652,-0.10424800,-0.48884071,0
89,0.24249774,-0.07165006,-0.41929293,-0.11515931,0.21432226,-0.16842373,0
90,0.50585176,0.22230505,-0.15394965,-0.00671244,0.18046663,0.03282156,0
91,0.43469998,0.20064421,-0.13855888,0.05473563,0.14807841,0.28523772,0
92,0.10999082,0.16248833,0.06169041,0.10082303,0.18686743,-0.27035277,0
93,-0.08190173,-0.02573811,-0.45322054,-0.10237342,-0.12431540,-0.16412281,0
94,0.14480960,-0.08812123,-0.42322679,-0.07397075,0.14157567,-0.25333127,0
95,-0.11901946,0.17849487,-0.28504488,0.12842538,0.02627704,0.00642962,0
96,-0.20907057,-0.01037605,-0.16196833,-0.20189196,-0.27357778,0.12647716,0
97,-0.19248645,-0.28164938,-0.05929991,0.06388119,-0.51630268,-0.20954923,0
98,-0.23297952,-0.04976971,-0.02386862,0.10871396,-0.26515622,-0.30066976,0
99,0.00624241,-0.18432542,0.01850177,-0.05696045,0.02201835,-0.11380775,0
100,0.13069514,0.10826470,-0.30983353,-0.42525028,0.20035365,0.15993962,0
101,-0.21812418,-0.09332994,-0.08151864,0.03657366,0.25690763,0.16861287,0
102,-0.15015944,-0.20454149,0.00528020,-0.10134381,-0.10222039,0.44855929,0
103,0.23757772,0.08527813,-0.05935603,0.07121098,0.10012209,0.29190492,0
104,0.33882270,0.23184792,0.17478748,0.21024606,0.08713113,-0.18292811,0
105,0.20018147,0.06039702,-0.19583538,0.48203201,0.34317977,0.15810284,0
106,0.23009618,0.30188054,-0.04739586,0.28387083,-0.01985332,0.14626863,0
107,0.16607891,-0.13601165,0.00384726,0.16318394,0.33727539,0.23016895,0
108,0.10537060,0.10763420,0.06305479,0.07513114,-0.06122283,0.08172068,0
109,-0.07468718,-0.19012103,0.13874999,0.13004226,-0.33484038,0.01658489,0
110,0.17528126,-0.01997698,0.24960507,0.03719922,-0.16991450,-0.18721825,0
111,0.14284425,0.06585193,0.29821045,0.26246773,-0.05087779,-0.31254391,0
112,0.05693864,0.02868227,0.02244485,0.04028087,0.08307982,-0.23860013,0
113,-0.08090676,0.09705108,-0.11783213,0.07602702,0.07270709,-0.31799666,0
114,-0.10444887,0.26313272,-0.33484783,-0.37391913,-0.31624602,-0.14522804,0
115,-0.11610547,0.03702611,0.03738990,-0.65856296,-0.12420168,0.21234070,0
116,-0.38901666,0.03706359,-0.06978794,-0.45425392,-0.24056195,0.35742151,0
117,0.07368815,-0.13113208,0.39510216,-0.28360020,0.15343596,0.15232890,0
118,-0.00497321,0.16195110,0.78154188,0.06205713,-0.13653602,0.24649773,0
119,-0.05423282,-0.09034398,0.56493577,0.02871224,0.00870977,0.11915372,0
120,0.04398635,0.02398239,-0.07220693,0.11593355,-0.15467571,-0.20323337,0
121,0.03204455,-0.03353714,-0.20378437,0.20789910,-0.25415574,-0.16941467,0
122,-0.04847498,-0.12996713,-0.07885899,-0.09014743,0.12466785,-0.06882224,0
123,-0.37959027,-0.35431645,-0.05291521,-0.08916965,0.00897834,-0.03760175,0
124,-0.13621312,-0.04788019,-0.23202723,-0.35397809,-0.16125562,0.03421282,0
125,0.09335105,-0.09361836,-0.54455467,-0.48530840,-0.25882691,-0.08420257,0
126,-0.13603519,0.06099038,-0.31547635,0.02356198,-0.27527419,-0.19505972,0
127,0.03443494,-0.38370246,-0.11405002,-0.01085196,-0.09277449,0.19359246,0
128,-0.09991600,0.23621854,-0.04589016,-0.22437517,0.04715199,-0.10212117,0
129,-0.22384433,0.18336209,0.05610097,-0.22904672,0.10222925,0.16003029,0
130,0.11738784,0.16412960,0.30725356,-0.49263393,-0.11331885,-0.08033873,0
131,-0.03257925,0.08395463,0.08676870,0.17740162,-0.19181630,0.03646840,0
132,-0.01830907,-0.06733839,0.04775773,0.14156836,0.19354215,0.31378683,0
133,0.07768867,0.09488568,-0.11332012,0.03494040,0.25508552,0.30435020,0
134,0.07776547,0.27703998,0.10904420,0.25192406,0.10334202,0.07998499,0
135,0.14550689,-0.44730884,0.13550087,-0.53505795,-0.27205128,0.11916518,0
136,0.03476654,-0.24266021,-0.04085490,0.07652277,-0.20142825,0.46011155,0
137,0.03013452,-0.06716018,0.37979647,0.06370283,-0.17212228,0.19796200,0
138,0.01946071,-0.31996436,0.16714518,-0.09985906,0.15190230,0.09990066,0
139,-0.06366351,-0.04927716,0.13695219,0.07708147,-0.11964949,-0.14021535,0
140,0.18842256,-0.16378322,-0.22724860,0.09227766,0.08110822,-0.34187504,0
141,0.13910909,0.14225877,-0.11201188,0.20372976,-0.18889230,-0.10217924,0
142,0.04607406,-0.09653890,0.08366223,0.38629375,0.30454246,0.18831683,0
143,0.08017938,0.03292624,0.21856554,0.18758156,0.19395541,0.23738224,0
144,0.06194345,-0.08817801,0.07672851,0.21101340,0.08165677,0.17356096,0
145,0.19052659,-0.10611177,0.21018488,0.16918518,-0.14299050,0.34173944,0
146,0.02461811,-0.34905709,-0.01625288,-0.06281893,0.03111712,0.11240922,0
147,-0.06349982,0.03156176,0.08010008,0.03904848,0.11945494,0.16409339,0
148,-0.39773167,-0.05443726,-0.31908934,0.00389559,0.03021814,0.26584058,0
149,0.04885049,-0.10908503,-0.16891582,-0.02405986,-0.07907863,0.12553824,0
150,0.19283260,-0.13439985,0.09975688,0.12629248,-0.17868339,0.23470241,0
151,0.23249083,-0.03998106,-0.03883053,-0.04998704,-0.08850378,0.20872214,0
152,-0.08557868,0.13350392,-0.19219099,0.00952115,-0.00549650,0.53888537,0
153,-0.28158827,0.27506976,0.06735773,0.05347580,0.00201657,0.33503751,0
154,-0.13382733,0.24181814,0.02523311,0.14498738,-0.14508737,0.14768579,0
155,-0.21841900,0.03838065,0.30550055,0.00538621,-0.07223110,-0.13074994,0
156,-0.13116388,-0.36955403,-0.06010902,-0.01906563,0.21648046,0.44379045,0
157,-0.16422687,0.15805599,0.12036816,-0.07200211,0.17845304,0.22113518,0
158,-0.06361120,-0.01161154,-0.14734246,-0.35294153,0.11789089,0.05482946,0
159,-0.20756507,0.09750273,0.09091824,-0.12510047,-0.16902988,0.24667662,0
160,0.17161449,0.03568489,0.27253269,0.11517089,0.12227691,0.22725888,0
161,0.20328529,0.16747053,-0.02476834,0.22037977,-0.19585779,-0.03549485,0
162,0.36540976,0.16545745,0.24858826,0.09592574,-0.22749240,-0.06007394,0
163,0.19068236,0.10581552,0.29960466,0.07663865,0.00843006,-0.20637833,0
164,0.17653275,0.08245022,-0.05090075,0.04198392,-0.03000334,-0.14628084,0
165,0.40117826,0.05014783,-0.10025743,-0.31082323,-0.17077122,-0.11656954,0
166,-0.02123884,0.43358811,-0.10088857,0.22297027,-0.10504126,-0.04845670,0
167,0.02176515,0.04849863,0.25370844,-0.33542840,-0.39945706,-0.12069921,0
168,-0.05841697,0.12368320,0.16888698,-0.19556690,0.01022746,0.12832341,0
169,-0.03208422,0.24562799,0.15322793,-0.19495375,0.06523743,0.08062970,0
170,-0.05387225,0.40059415,-0.35496712,-0.34135089,-0.27988753,-0.02723502,0
171,-0.13961789,-0.14991022,-0.33997748,-0.30517094,0.24164057,0.31142664,0
172,-0.19607289,-0.01845067,-0.28433028,-0.50372822,-0.01231271,-0.03225429,0
173,-0.20225311,-0.23650963,-0.26985998,-0.22802359,-0.04737687,0.05988305,0
174,-0.36962344,0.05355705,-0.24899279,-0.03364095,-0.02817011,-0.21941463,0
175,-0.21797119,-0.04175012,-0.05023156,-0.14362268,0.25368012,0.07753058,0
176,-0.16704394,0.15268152,0.34394858,0.23422955,-0.18960577,-0.13009048,0
177,0.24662888,-0.30876721,-0.11676259,-0.04236173,0.06231933,-0.07998688,0
178,-0.02318254,-0.10955336,-0.19820178,-0.10502999,0.46195306,0.01570426,0
179,0.12800591,0.02076008,-0.11711814,-0.17653645,-0.37979592,-0.24061082,0
180,-0.30946494,-0.41320686,-0.32256916,0.20505863,-0.13681727,0.11845063,0
181,-0.01212404,-0.18683609,-0.27674122,0.08749635,0.20878744,-0.04774872,0
182,0.11395108,0.07202607,-0.23187668,-0.17095664,-0.11795449,-0.00702247,0
183,0.07061758,-0.06942226,-0.09896415,0.06747815,0.03523306,0.27601557,0
184,0.27338580,-0.18614742,0.32350018,-0.04885358,0.22172509,0.14284106,0
185,0.02952509,-0.21995338,0.14473126,-0.22237609,0.24145970,0.34061139,0
186,-0.17761536,0.11523720,0.01219653,-0.19264119,0.17730496,0.15423165,0
187,0.19886258,-0.01306911,0.22103574,-0.10904017,0.12262664,-0.00750993,0
188,0.05115851,0.10350708,-0.05488690,0.13253853,0.12225465,0.10328634,0
189,0.32567139,0.31135569,-0.06769887,0.13406252,-0.07041161,0.05307639,0
190,0.05577280,0.44981828,0.04796500,0.10621317,0.18199405,-0.36559639,0
191,-0.31709986,0.33000062,-0.05281467,0.10289814,-0.24166833,-0.17717287,0
192,0.24999858,0.05541400,-0.03381921,-0.12839259,-0.15247588,-0.46708926,0
193,0.12371865,0.24616272,-0.40687651,-0.09882135,-0.28011471,-0.39477783,0
194,0.04052838,-0.30471284,-0.16021636,0.13176114,-0.16804965,-0.63332624,0
195,-0.13492990,0.05832351,-0.71753939,0.00103339,-0.17473939,-0.15485102,0
196,-0.17753087,-0.00205327,-0.25015425,0.29261823,-0.08467024,-0.00558353,0
197,-0.28013374,0.05619281,-0.24835683,-0.03568123,0.04295370,-0.28396116,0
198,-0.08301235,0.11773946,-0.12253280,-0.37964389,-0.02908285,-0.00079791,0
199,-0.45197222,-0.09547655,0.10362837,-0.12501187,-0.03561674,0.33433151,0
200,-0.13012722,-0.04411169,0.61114217,-0.21622665,-0.16536442,0.23520042,0
201,-0.02039617,-0.14348092,0.13788965,0.29335834,-0.02056574,-0.02052059,0
202,0.21767762,-0.15274354,0.01044792,0.21137171,-0.14952154,0.05376308,0
203,0.47921470,0.01449540,-0.05064310,0.05407406,-0.03707541,-0.02027397,0
204,0.14298830,0.30879359,-0.33898506,0.31259776,-0.06676561,0.05825748,0
205,-0.07794322,0.29022263,0.08843925,0.33688355,-0.26414496,0.17680773,0
206,0.11080019,-0.37874768,0.07559747,0.17664327,0.07219361,0.11556791,0
207,0.13550989,0.15552907,0.28079305,-0.41478964,0.05619300,0.02504658,0
208,-0.34559725,0.23348986,0.35425088,-0.32105767,-0.04353353,-0.15299683,0
209,-0.33205553,0.29325451,0.02285705,-0.14183002,-0.45418435,0.26282300,0
210,-0.05953393,-0.13852008,0.17464315,-0.40410877,0.03380751,0.06604382,0
211,-0.14599607,-0.04200356,-0.01228009,-0.05159213,-0.01623286,0.14856490,0
212,-0.07320304,0.03782409,-0.04633202,0.33950635,-0.29115587,0.29726580,0
213,0.28667302,-0.33107170,0.44983383,0.29259790,0.17953844,0.14570252,0
214,0.14150863,-0.07241726,0.30221055,0.44926224,0.18914050,-0.09511717,0
215,0.30125660,0.12819958,0.22886606,0.35194536,0.10604320,-0.21222505,0
216,0.04281472,-0.21083851,0.09420608,0.20962653,0.00458412,-0.63243082,0
217,-0.16286575,0.09642003,-0.22487582,0.15992058,-0.17026240,-0.04028300,0
218,-0.06037034,-0.05875354,0.31025720,0.28992716,-0.07233217,-0.12584051,0
219,-0.02316257,-0.04074097,0.08850259,0.02631249,0.32181063,-0.08010227,0
220,0.40977310,0.07604759,0.34174974,0.06814126,0.25825845,-0.16833232,0
221,0.03131989,0.29952090,0.28939341,0.15052749,-0.16925980,-0.32449703,0
222,-0.21237434,-0.29488155,0.07187083,0.27089857,-0.05215593,-0.56041830,0
223,-0.06621940,-0.27945426,0.27890787,-0.21550845,0.02338159,0.04187797,0
224,0.00836253,0.04954559,0.15317453,-0.04459448,0.13903942,-0.12589196,0
225,0.15221541,-0.17924980,0.09735686,0.01692121,-0.09697884,-0.06365218,0
226,-0.04509151,-0.22965241,-0.03554211,-0.14881084,0.06705553,-0.23713396,0
227,0.07826568,-0.24627256,-0.17260427,-0.18405095,0.25495486,-0.05275350,0
228,-0.04396326,0.15269084,-0.46755032,-0.05829047,0.41310228,-0.00113923,0
229,-0.01827767,0.25996902,-0.04496800,-0.39506664,-0.24549941,0.03731338,0
230,-0.21885981,0.34720448,-0.06787844,-0.50956039,-0.41197553,-0.47728595,0
231,-0.23983697,0.02086356,-0.21703402,-0.06935341,-0.04462449,-0.25650934,0
232,-0.49868104,0.04173605,-0.05513206,-0.03981969,0.14781182,-0.33104268,0
233,0.14544976,-0.27854858,0.03377334,-0.46105322,-0.14925334,0.11630548,0
234,-0.08270815,0.18685517,0.08451039,-0.15983196,0.15011947,0.01243417,0
235,-0.38840151,-0.03114518,0.13931840,-0.01546750,-0.31228581,-0.12449812,0
236,-0.26979231,-0.28879921,-0.21519278,-0.22950005,-0.20061225,0.07996668,0
237,-0.01474626,-0.20762412,-0.14678635,-0.14212912,-0.20035338,-0.16859160,0
238,-0.20508848,-0.20476195,-0.31318653,-0.03119460,0.08541657,-0.36545090,0
239,-0.08745819,-0.14433883,-0.16124748,-0.07289018,-0.21837218,-0.40015203,0
240,-0.04638169,0.06797857,-0.56240880,0.00858783,0.17012624,-0.21688630,0
241,0.08150363,-0.07634027,-0.31949537,-0.30153921,-0.39181591,0.06707283,0
242,-0.20635504,-0.10903029,-0.37470597,-0.34984039,-0.17626594,-0.09958676,0
243,-0.09106863,0.01676284,-0.13037578,-0.15392158,0.18189548,-0.23928877,0
244,-0.08000558,0.26669364,0.11468059,-0.34261425,-0.05220209,0.13123651,0
245,-0.01348818,0.16659481,0.04177152,-0.22722304,-0.07731617,0.01667040,0
246,-0.06077247,0.09986411,-0.09978864,0.00214069,0.43076980,-0.31196959,0
247,0.03344529,-0.00879710,-0.01239621,-0.00802875,0.22003098,0.06397520,0
248,0.04689477,0.27409272,-0.41258992,0.29260412,0.11684368,0.22428322,0
249,-0.13888444,-0.08741719,-0.10340214,0.12590369,0.10177604,0.30133778,0
250,-0.34930107,0.09561699,0.02586597,-0.02634936,-0.20022809,0.23313404,0
251,-0.58560265,-0.01889087,-0.20309735,-0.09997017,-0.08715785,0.32082989,0
252,-0.29707598,-0.32851898,-0.10619734,0.02333320,0.05717457,0.08239505,0
253,-0.16147776,-0.47954893,0.04227198,-0.39189338,0.20317985,0.06213910,0
254,0.28045990,-0.25339457,0.01455480,0.12294215,0.24479938,-0.09591555,0
255,0.18287781,0.04926938,0.03490844,0.00246348,0.10529768,-0.33303419,0
256,0.10104366,0.18706585,-0.10282983,-0.23781062,0.19487741,-0.09196870,0
257,-0.13827745,0.15736625,-0.33674545,-0.24988207,-0.13446007,0.17759852,0
258,-0.22495512,0.14576144,-0.20399694,-0.09339995,-0.13588227,0.24118524,0
259,-0.20952637,-0.32574150,-0.28263447,-0.19652740,-0.29863399,0.18796081,0
260,-0.21222208,0.21964518,-0.39365359,-0.10051724,-0.26558949,0.00012598,0
261,-0.08398632,-0.46649502,-0.13071003,0.24253601,-0.19755449,0.04682502,0
262,0.20017613,-0.32373331,-0.15127448,-0.33761341,0.19573359,0.00178608,0
263,-0.16942650,0.12492956,-0.17127048,-0.17172645,0.12644812,-0.24006371,0
264,0.08202605,-0.19104325,-0.25041295,0.23014763,0.17403677,-0.09602325,0
265,-0.08701565,-0.14004750,-0.11937281,0.12101284,0.10368601,-0.05098558,0
266,-0.04955695,-0.33682819,-0.15737392,0.18775773,-0.17443849,-0.05824506,0
267,-0.12896670,-0.20046233,-0.15277623,0.32607376,0.14484927,-0.26368463,0
268,0.13522628,-0.29120088,-0.23232140,0.14875459,0.04792043,0.03594527,0
269,-0.05197353,-0.18409280,-0.21212306,-0.00462275,0.28618365,0.13019171,0
270,0.28516603,0.40996132,-0.24874346,-0.00390869,-0.12014113,-0.07836570,0
271,0.00459914,0.00739835,-0.31707004,0.05345154,-0.30906318,0.11450222,0
272,-0.15210822,0.41220495,-0.19432319,0.03539644,-0.29222030,0.36127602,0
273,0.14552301,0.04649753,-0.24418509,0.00872259,-0.32236378,0.43417046,0
274,0.20811856,-0.00809127,-0.44535533,-0.13224856,0.04575593,0.42375735,0
275,0.25873634,-0.17251515,-0.04354115,0.18961124,-0.31666428,0.19908826,0
276,0.19673620,-0.15586650,-0.30637391,0.08978412,-0.06187043,0.06755041,0
277,-0.00067925,-0.10270735,-0.12640390,0.17098983,-0.02504440,-0.04177369,0
278,0.05207610,-0.42923820,0.02050507,0.06729174,0.05546139,0.15316594,0
279,-0.31574288,-0.47814749,0.09385177,0.04010296,0.12321438,-0.01070869,0
280,-0.00360765,-0.07054982,0.12596527,-0.12074733,-0.27018538,0.13339544,0
281,0.19317266,0.04919336,-0.07191012,0.07253171,0.07724132,0.34370621,0
282,-0.06204474,0.04342162,0.18258354,0.09385077,-0.17475741,0.23726386,0
283,0.09791859,-0.06245934,0.17498474,-0.02708779,0.24107448,-0.04985744,0
284,-0.07057543,0.08743410,0.22370873,-0.25243178,-0.17793128,-0.39038239,0
285,-0.07628029,-0.18149492,-0.06126984,-0.00076748,-0.22575038,-0.14308813,0
286,-0.08582780,-0.02467631,0.02534105,-0.14650982,-0.05419436,0.12016819,0
287,0.00442342,-0.26623973,0.15705222,-0.27750907,0.21276252,0.24119829,0
288,-0.00397438,0.07186463,0.08750231,0.01370118,-0.04074302,0.15653140,0
289,0.15815546,-0.09380594,-0.03606070,-0.21069867,-0.20861103,-0.25504453,0
290,0.15323954,0.34575811,0.18150415,-0.33107125,0.05004272,0.13529864,0
291,-0.08756079,0.27938825,-0.25009393,-0.03933815,-0.30684808,0.09995414,0
292,-0.32572512,0.08477108,0.09745972,-0.18138258,-0.32519320,-0.34078842,0
293,-0.22159402,-0.23047636,-0.31532887,-0.08263416,-0.20822026,-0.35488478,0
294,-0.20943281,0.00743749,-0.11268242,-0.11898450,0.08056206,-0.37688650,0
295,-0.10631239,0.00970796,-0.22163933,-0.02811230,-0.15012720,-0.08656526,0
296,0.04915815,-0.59175966,0.09655915,-0.58987108,-0.15266365,0.14360219,0
297,-0.15990509,-0.33043738,-0.12102972,-0.03435365,-0.42363803,0.27116726,0
298,-0.08373168,-0.48205742,-0.09534876,-0.24208124,0.10225095,0.26014637,0
299,-0.39493357,-0.16772278,-0.13700837,0.11337194,-0.20144138,0.41185581,0
300,-0.14687113,-0.48098679,-0.08669294,-0.21161383,-0.22417579,0.21194840,0
301,-0.32645263,-0.60503247,-0.05734718,-0.44985862,-0.16101485,-0.06334999,0
302,-0.38687085,0.12395080,-0.02980007,-0.22633597,-0.36591167,-0.14768895,0
303,-0.16975989,-0.31802502,0.11606138,-0.41579255,-0.20402291,-0.17537190,0
304,-0.12805965,-0.22586766,-0.03833513,-0.25505107,-0.22381359,0.00433543,0
305,-0.06375705,-0.12865442,-0.09335970,0.00620546,-0.11633302,-0.05315410,0
306,-0.00642696,0.20900091,-0.29471287,0.12292438,-0.34625924,0.01395802,0
307,0.30652690,0.02810260,-0.09584278,-0.05411826,-0.07674337,-0.03876673,0
308,-0.02505393,0.05396936,-0.01549565,-0.07245730,-0.17892377,-0.26318724,0
309,0.04474738,0.07680917,-0.02618839,0.13797739,-0.04914273,-0.05397146,0
310,0.10217342,-0.02473176,-0.11960357,0.46579004,-0.07305431,-0.14539589,0
311,0.21804439,-0.06564591,-0.33927052,0.41520195,0.07501052,-0.26876519,0
312,0.39161560,0.08084561,-0.43939184,0.54591662,0.23887381,-0.12900807,0
313,0.56352057,0.11463313,-0.22849793,0.20811875,0.26937016,0.02474524,0
314,0.28096084,0.10689874,-0.07150359,0.22969925,-0.14956918,-0.25321741,0
315,0.26681135,-0.43705698,-0.05326656,0.08451038,0.23712853,-0.20864024,0
316,0.24755145,-0.07883382,-0.05139158,0.24179062,0.05550123,0.08065669,0
317,-0.02517683,0.06561669,0.16215532,0.28466536,0.42382475,-0.09925441,0
318,-0.19924560,-0.12329207,0.16726575,0.19499532,0.16845318,-0.24909690,0
319,0.09576131,-0.33160123,0.22448227,0.53484121,0.16659099,-0.01290678,0
320,0.06296700,-0.49047141,-0.01262037,0.04187150,-0.05232323,0.30391764,0
321,0.08410487,-0.09342244,0.00933073,0.00331179,0.24534236,0.13798532,0
322,0.13126419,0.02894672,-0.02546381,-0.22805548,-0.28558818,0.01820996,0
323,0.01720654,-0.19737176,-0.01319498,-0.04319637,-0.50839957,-0.15610595,0
324,0.07144992,-0.11535581,-0.24969127,0.01633220,0.08907038,0.06600781,0
325,0.01603558,-0.07713175,-0.20793322,0.11094998,0.07639455,0.14452592,0
326,0.05360704,0.12059209,-0.04101678,0.18965141,0.21065685,-0.07642885,0
327,-0.26349192,0.34420605,0.01040199,-0.21842453,-0.05637672,0.10277321,0
328,-0.20578982,-0.03064757,0.28058457,-0.34966055,-0.25759432,0.08667920,0
329,-0.08854840,0.02801427,0.30770508,-0.16089401,-0.04423351,-0.00564330,0
330,-0.05923859,0.02700364,0.17292395,0.05032001,0.04949016,0.00528880,0
331,-0.15981140,0.00146429,0.07234086,0.03784261,0.41561298,-0.09177658,0
332,0.01732617,0.24176238,0.02820643,0.39039438,0.03432515,0.01490975,0
333,-0.05497597,-0.06880814,0.06068968,0.31156265,0.11646345,0.23369558,0
334,0.02511129,-0.14792455,0.56766593,0.17850256,-0.02266482,-0.01438874,0
335,-0.12191280,0.07802275,0.18107800,0.10061060,0.04594938,0.12486025,0
336,-0.18218917,-0.22284566,0.14909081,0.11332541,0.08109077,-0.08662101,0
337,0.06971169,-0.27445151,-0.04831346,-0.17684758,0.31174381,0.07302904,0
338,0.10098856,0.28901312,0.50194295,-0.35776865,-0.06062248,-0.07635605,0
339,-0.18583544,0.00777574,0.14940625,-0.33172754,-0.07757686,-0.02682402,0
340,-0.06018214,0.09360827,0.16811733,-0.25109783,0.28845824,0.02950517,0
341,-0.41280293,-0.02876672,-0.23240484,-0.11321708,-0.02725459,-0.07035554,0
342,0.16628713,-0.02957150,0.01202149,-0.32955161,-0.20713109,-0.02666544,0
343,0.03156092,-0.25999374,-0.03334764,-0.08051240,-0.15526597,-0.15902767,0
344,-0.10079107,-0.12684471,-0.03523904,0.08600005,0.18060420,-0.12823039,0
345,-0.10613525,0.03083804,0.06468143,-0.07278122,0.22167350,0.11565004,0
346,0.17306553,0.37259630,-0.10063641,-0.05640121,0.03117831,0.03706938,0
347,-0.05653696,-0.06550958,-0.01903814,-0.11145854,-0.04647845,-0.12538756,0
348,-0.24479178,0.01738568,-0.01031021,0.04416268,0.36776912,-0.00941805,0
349,-0.00546227,-0.18286835,-0.23836914,0.23286102,-0.07567007,-0.19236631,0
350,0.03935200,-0.15662658,-0.31206220,0.03559526,0.28417875,-0.23610164,0
351,-0.22702366,0.20064763,-0.10359972,-0.08645058,-0.18877567,-0.24574942,0
352,-0.12251674,0.16802854,-0.28922791,-0.11384352,0.02901466,-0.54491042,0
353,0.11123551,-0.16354854,-0.19404525,-0.03538156,0.15078556,-0.15867120,0
354,-0.38895404,-0.10633936,-0.09739583,-0.01749811,0.13687077,0.06700685,0
355,-0.05621579,-0.16354655,-0.35968804,-0.19933938,0.11807055,-0.16457459,0
356,0.04854366,0.17411131,-0.17375668,-0.64623331,-0.22343787,0.26164159,0
357,-0.21320557,-0.18154656,0.20652506,-0.23924506,-0.02336112,0.17365463,0
358,-0.05630395,-0.01155893,0.25679320,0.25483692,0.14312916,-0.20229218,0
359,0.11019554,0.15696547,0.28264535,0.00795224,0.30115461,0.07127418,0
360,0.51063442,0.03292883,0.04968355,-0.02067019,-0.04200935,-0.12647863,0
361,-0.28881619,0.09982397,0.05902076,0.04803523,0.32923169,-0.05743878,0
362,0.12207226,0.05835134,0.16141995,-0.01275406,0.31662171,-0.01710947,0
363,0.13750469,0.21550766,0.01522954,0.10251580,0.46217285,-0.05676721,0
364,0.15422787,0.44231531,0.19878206,0.08167161,-0.33391126,0.06614572,0
365,-0.31816875,0.34848235,0.13339706,0.25601328,-0.28646784,-0.24815289,0
366,-0.03214297,-0.14430749,-0.08730300,0.02609341,0.43818847,0.03279504,0
367,0.18096883,0.20679266,0.23546317,-0.03302555,-0.24297905,-0.01842774,0
368,0.21462147,-0.10389842,0.06767838,-0.08618954,0.17667104,0.12618273,0
369,0.18869885,0.22111055,0.05237724,0.06243044,-0.17701822,-0.33385314,0
370,0.11869430,0.12999013,0.16327666,0.36109449,0.22314206,-0.33761496,0
371,0.06151881,0.13800034,0.44932002,0.44284624,0.31356812,-0.22955254,0
372,-0.04078946,0.18055858,-0.05349434,0.14958936,0.12906263,0.17810582,0
373,-0.04957989,-0.39744130,0.10856361,-0.07827821,0.04323750,0.06866824,0
374,-0.08628652,0.02863145,-0.21217153,-0.13808035,0.17539406,-0.07804321,0
375,-0.35439909,0.18283235,0.09060807,-0.08717668,-0.34863339,0.09014651,0
376,-0.46467983,-0.07850201,-0.09892385,-0.34385394,-0.20571210,0.00966145,0
377,-0.38145571,-0.04621349,-0.12161770,-0.09141576,-0.06142620,-0.12098875,0
378,-0.33392983,-0.43471192,-0.02930033,-0.20826642,-0.45447452,-0.15367744,0
379,-0.34486317,-0.04099928,-0.35505940,-0.43657644,0.11579300,0.17150116,0
380,-0.36904484,-0.10232005,-0.00565792,-0.68935810,-0.40079775,0.03061792,0
381,-0.01887352,-0.17132405,0.02278059,-0.17317926,0.14893168,-0.08934511,0
382,-0.04708835,0.35051631,-0.28469236,0.11115444,-0.16263308,-0.02383078,0
383,-0.04006317,-0.14757961,-0.30786803,0.08031995,0.11439088,-0.03462863,0
384,0.01271193,0.05227796,-0.31851303,0.15351695,0.21375292,0.45226736,0
385,-0.03031785,-0.04205287,0.10307028,0.21172765,-0.02130347,0.14143199,0
386,0.12901915,-0.23222587,0.00431086,0.09120661,0.22842514,-0.04190577,0
387,-0.25880452,-0.33714779,-0.23451850,-0.16368695,0.07950063,-0.23382716,0
388,-0.26855091,-0.27316773,-0.23682605,0.09986856,0.15130160,-0.10773770,0
389,-0.17402028,-0.24167455,-0.07030214,0.06837465,-0.06536116,-0.04441217,0
390,-0.42391739,-0.13414944,0.09592108,-0.07279626,0.36409430,-0.17963762,0
391,-0.15272416,-0.07658276,-0.01748750,-0.16971527,0.10560660,0.06763268,0
392,0.14888214,-0.00542107,0.15474693,-0.23676346,0.13518422,-0.10515643,0
393,0.20887756,0.54342577,0.02177893,-0.44596931,-0.12048396,0.17198021,0
394,0.09339090,0.37143898,0.23105356,-0.02976660,0.00945504,0.24687287,0
395,0.30660182,0.22637056,0.32198212,-0.04053187,-0.16897219,0.42403206,0
396,0.15820936,0.28658087,0.26245748,-0.03453958,-0.07961250,0.45911998,0
397,0.15865179,-0.17462178,0.18336604,0.35208133,-0.10759944,-0.10684241,0
398,0.48044224,0.00205349,0.04336462,0.11735583,0.27605451,-0.14811209,0
399,0.43141651,0.30688201,0.02877691,0.20899189,0.05708093,0.11813239,0
400,-0.03464935,-0.17192536,-0.04083236,0.15641494,0.09797726,0.06587499,1
401,-0.06742444,0.07450710,-0.01817452,-0.06601612,-0.03634301,0.39221246,1
402,-0.33122389,0.11910149,-0.35227470,-0.02956495,-0.08539647,-0.21226260,1
403,-0.02295833,-0.02182641,-0.31970209,0.15956897,0.24104578,0.18265060,1
404,0.05816702,-0.00024582,0.13863964,0.29847077,0.25274842,-0.14752219,1
405,0.05257141,0.07901677,-0.28589141,0.11348731,0.46020924,-0.00750898,1
406,0.27997283,0.06382801,-0.09707977,0.01137466,-0.05385826,-0.29839114,1
407,0.30653211,0.27198468,-0.24003102,0.18725156,-0.02653547,-0.06035913,1
408,0.16889269,0.28535595,-0.13024817,0.30673700,0.05033252,0.05484089,1
409,-0.10257371,0.50016097,-0.01002874,0.19741736,-0.27930319,-0.17753671,1
410,0.19402336,0.24725273,-0.28360734,0.28980428,-0.15431731,0.17568574,1
411,0.03865812,0.13354743,0.05217497,-0.05842683,-0.20989400,0.04053885,1
412,0.15974367,-0.18732767,-0.30709261,0.17267587,-0.15094758,-0.02204529,1
413,-0.28938073,-0.19547989,-0.12213458,0.23997612,-0.16932211,0.35185423,1
414,-0.20445848,-0.19940846,0.27977695,0.13124388,-0.13357792,0.18833599,1
415,0.18615523,0.18592811,-0.04699249,0.05100713,-0.01076272,-0.03802757,1
416,0.04223640,0.07367436,0.14095243,0.23241137,-0.06143242,-0.07823983,1
417,0.13142972,-0.07651997,0.13956379,0.05518872,-0.18690487,-0.20079180,1
418,0.29736708,-0.05808273,0.32101607,-0.04327696,0.01465067,0.40202136,1
419,-0.10684920,-0.36432269,0.14424676,-0.16265090,-0.00076681,0.06822526,1
420,0.01827333,-0.31358266,0.02459570,0.03947611,-0.18165054,-0.04556090,1
421,-0.05739901,-0.37982856,-0.06821314,0.06555356,-0.10862338,0.02004980,1
422,-0.01969603,-0.26658430,0.12300854,0.29562646,-0.10553707,0.17564833,1
423,-0.04866039,-0.03847306,0.28743442,0.18702309,-0.34053959,0.21865778,1
424,0.20825495,-0.05493408,0.22602010,-0.01248558,-0.33620697,0.20458390,1
425,-0.25770201,-0.06464343,0.18395216,-0.28390370,-0.29824389,-0.01121798,1
426,-0.08374274,-0.09111099,0.38022169,0.15504096,0.02888554,0.10230567,1
427,0.04727210,-0.19079022,0.25447276,-0.16589843,0.15620451,0.26247129,1
428,0.05122641,-0.10633616,0.07276705,-0.58683241,0.08596939,0.07941299,1
429,0.00526783,0.08558791,-0.02606938,-0.37157327,-0.00808138,0.03994456,1
430,0.02216695,0.06261881,0.17231623,-0.28908391,0.02999315,0.23879892,1
431,-0.30600710,0.05682654,-0.11220955,-0.14635060,-0.15680489,0.05378391,1
432,0.24552007,-0.20537268,-0.14866423,-0.24240426,0.27925107,-0.03098848,1
433,0.06431028,-0.15282192,-0.27879819,-0.15674492,0.49890972,0.19953996,1
434,-0.13547486,0.05679488,-0.27114376,-0.45343045,0.28432238,0.19446901,1
435,0.15025729,-0.06236334,-0.08485797,-0.03442832,0.12791987,-0.06546334,1
436,-0.24925092,-0.00389269,0.13707424,-0.24836775,0.14082436,0.01025924,1
437,0.06505401,0.15543316,-0.01422426,-0.38103754,-0.06757834,0.13107337,1
438,-0.07929797,-0.06413808,-0.37454093,0.23061385,0.13497348,0.18790113,1
439,0.15192910,0.07872318,-0.14039318,0.00424182,-0.04968865,0.52989069,1
440,0.14271551,-0.05269554,-0.08927664,-0.17155239,0.26077105,0.10453082,1
441,0.13026017,0.17126681,-0.01568648,-0.07581136,0.05463615,-0.02140918,1
442,-0.06723755,-0.01392478,0.22456358,-0.04918839,-0.13040347,-0.13931240,1
443,0.17919100,0.11616323,0.19996743,-0.03448994,0.07685573,-0.14109797,1
444,0.00357410,0.21999610,0.17204556,-0.19998523,-0.13846518,-0.07465726,1
445,0.31170719,-0.25876153,0.10290134,-0.27291221,-0.14215805,-0.09486607,1
446,0.01181464,-0.19728458,-0.05757260,-0.13954531,-0.29196699,0.17129782,1
447,0.13883374,0.07461363,-0.32425790,0.07283845,0.06268093,-0.01553020,1
448,0.04062624,0.00825330,0.21228374,0.35329937,-0.28691875,0.41675363,1
449,-0.15333555,0.17974905,0.14097942,-0.03498220,0.03081299,0.22358534,1
450,0.05673323,0.11182064,0.25977603,-0.00116105,-0.02399122,0.25841579,1
451,0.12039810,0.17545932,-0.11997820,-0.18394538,-0.10703769,-0.01319684,1
452,0.17531545,0.24429905,-0.09287805,0.23055314,0.22469630,0.03913349,1
453,-0.09872388,0.37911285,-0.09600547,0.03958764,-0.01572645,-0.23229194,1
454,-0.29207004,0.26218686,-0.09254026,0.56379825,-0.19867095,-0.37387861,1
455,0.00983160,0.37781738,0.14707964,0.28457868,-0.37198227,-0.26850560,1
456,-0.19049079,-0.19334435,0.09913038,-0.26110551,-0.31315855,-0.17369247,1
457,-0.20310829,-0.00426320,0.16945492,0.15277476,0.07215181,0.23495297,1
458,-0.05736428,0.05295671,0.15729448,0.05107384,-0.05691588,0.02218939,1
459,-0.16326449,0.09660233,0.03524229,-0.09562413,-0.13070457,-0.20236990,1
460,0.13035790,0.05193223,-0.05992535,0.14557258,-0.12729114,-0.32051217,1
461,0.22041563,-0.07636683,-0.07467841,0.06854642,0.17994543,-0.10788941,1
462,-0.15396339,0.06803089,-0.15718598,0.32362689,0.03615848,-0.48007410,1
463,0.02110326,0.37663440,0.37767881,0.40563106,-0.17625060,-0.05592741,1
464,-0.12403466,0.18767333,-0.13597832,0.02088174,-0.15733785,0.12724007,1
465,0.10930896,0.12322635,-0.25772307,-0.02124401,-0.16609288,0.22124942,1
466,0.24275978,0.23834308,-0.27049220,-0.46740613,-0.35161411,0.37134625,1
467,-0.00407548,-0.04191475,0.08962673,0.17402378,-0.06664688,0.15400212,1
468,-0.02492234,0.02449650,0.28433375,0.13308818,0.11721846,0.29714926,1
469,-0.21753817,0.14545569,-0.02801549,-0.44081221,-0.35938519,-0.08998861,1
470,0.03455028,0.07737146,0.11153193,0.30572950,-0.30105402,0.02298065,1
471,0.06449776,-0.10226928,0.01677224,-0.15327468,0.19295171,-0.05165919,1
472,0.38375861,-0.04584277,0.17728068,-0.08501354,0.03345421,-0.15871393,1
473,0.12917558,0.03931072,-0.19435654,-0.05054302,-0.10305799,0.34568037,1
474,0.02011216,0.29351616,-0.18230911,0.05306075,-0.25866958,0.08402272,1
475,0.04354237,0.40027449,-0.02448462,0.31116071,0.06306409,0.34883055,1
476,0.00159613,0.58678694,-0.16698445,-0.07014053,-0.20506669,0.49437680,1
477,0.14794865,0.16934990,0.09959643,0.14428701,0.31246687,-0.10463249,1
478,-0.00623092,-0.01702132,-0.36084538,0.16919508,0.01446613,-0.00989977,1
479,0.42300973,-0.07024088,-0.15840504,0.06195628,0.18062757,-0.10723469,1
480,0.00517922,0.16282295,-0.08669676,-0.38606535,-0.18407266,0.19169856,1
481,0.07380106,-0.07351542,-0.08593931,-0.06192067,0.09523802,-0.14274307,1
482,-0.13065253,0.02038025,-0.03765681,0.06922436,-0.20206740,-0.00818767,1
483,0.15980672,0.09559803,0.05924821,0.03835474,-0.19110324,0.02925942,1
484,0.27160989,0.01596314,-0.20215280,-0.04294865,-0.00246154,-0.02255873,1
485,0.16360414,0.10035504,0.02862970,0.24570857,0.17875719,-0.17931452,1
486,-0.11670730,0.02560986,-0.09596615,-0.17552645,-0.04338459,-0.21794316,1
487,-0.15369605,-0.04682612,0.26389636,-0.00093141,0.43615928,-0.05412197,1
488,-0.09535922,-0.01756972,0.16773895,-0.00368658,0.46193901,-0.27306372,1
489,0.12785792,0.03052361,-0.16534060,0.05115370,0.32151230,-0.37756416,1
490,0.03428570,-0.29862602,-0.24228533,0.14144547,-0.01898973,-0.43985547,1
491,0.05092795,-0.21082650,-0.07822183,0.17284627,-0.21294910,-0.30100290,1
492,0.04203150,0.09203978,0.23948876,-0.03553211,0.12569905,-0.18665218,1
493,0.34051726,-0.16808214,0.31495613,-0.15083542,0.38778329,-0.01525261,1
494,-0.08728893,-0.15973964,0.10957860,0.07814418,0.06562724,-0.06773564,1
495,0.11199876,-0.03875026,-0.16707813,-0.13863964,0.05558232,0.19716889,1
496,0.32231846,0.12516012,-0.05789530,0.08887484,-0.10878411,0.04742995,1
497,-0.05785847,-0.17582370,-0.06508188,0.07654259,0.10179637,0.12664813,1
498,0.02743325,0.03142657,-0.02645152,0.07482329,-0.11013687,0.12022420,1
499,0.12801657,-0.10825176,-0.02639272,-0.07244141,-0.11702562,-0.12994228,1
500,0.26377782,0.14948620,0.07174662,0.35839820,-0.05771059,0.53454263,1
501,0.03309555,0.10439867,-0.23052634,0.16958192,0.13874960,0.19688012,1
502,0.32910055,0.08387706,-0.05079413,-0.14623098,0.10336578,0.01051271,1
503,-0.01709414,-0.10696118,0.36165586,-0.10424168,-0.24137114,-0.15797262,1
504,-0.01408108,0.05656768,0.21890887,0.14037227,-0.16484665,0.06801378,1
505,-0.16164371,-0.08941219,-0.11999822,-0.14706426,0.15824856,0.18413284,1
506,0.13042123,-0.02789264,0.13127727,-0.38435345,0.18733168,0.08392221,1
507,0.14949312,0.05749542,-0.20240498,-0.40316247,-0.09031724,0.09590422,1
508,0.16618394,-0.22374322,-0.28928453,-0.21644427,-0.08256454,-0.19130011,1
509,-0.20931619,-0.23543605,-0.07402195,-0.25242765,-0.03752774,0.16164945,1
510,-0.29308208,-0.12923898,0.20601354,-0.13286564,-0.11084345,0.31973330,1
511,-0.13739385,0.14826390,0.16542983,-0.07493552,0.06394711,0.23700918,1
512,0.14518807,-0.04071637,0.05029533,-0.04224653,0.13966791,-0.12126731,1
513,0.22381479,0.06801506,-0.25068216,0.18048106,0.43035825,0.10156734,1
514,0.31968920,0.04196745,-0.44805625,-0.36644917,0.13287357,-0.17688909,1
515,-0.07487678,0.00511901,-0.06830266,-0.38021599,-0.05394935,0.15955732,1
516,-0.21457221,0.15855905,-0.10698836,0.01103459,0.18661787,0.21273531,1
517,0.10341147,-0.14527459,0.20705348,-0.18565704,0.08442579,0.06861636,1
518,0.11635296,0.00383549,-0.14723235,-0.30633211,0.17408196,0.06258154,1
519,0.23955181,-0.00655187,-0.33610306,0.06284423,-0.03149146,0.04549960,1
520,-0.04929287,0.29341188,-0.32261400,-0.03874519,0.01297756,-0.16897390,1
521,0.04565544,0.40489690,-0.12067730,0.05877423,-0.49227611,-0.12270191,1
522,-0.04353068,0.01102510,0.17223711,0.04863842,-0.13141596,-0.05853944,1
523,-0.35724730,-0.19944566,0.23815336,-0.34269622,-0.16449086,-0.06654451,1
524,0.21356123,0.06034573,0.08239063,0.17793836,-0.16653011,0.22142957,1
525,-0.18464446,0.21678755,-0.15971677,-0.10835337,-0.07273516,0.17446073,1
526,-0.14089030,0.18449697,-0.11396592,0.09757153,0.06490300,0.04914154,1
527,-0.11900121,0.09943388,0.10845003,0.38392825,0.18221007,0.15461440,1
528,0.52252476,0.13176099,0.12473353,0.19082824,-0.14479625,-0.07276894,1
529,0.05557889,0.16810207,-0.15625183,0.10088129,0.16648409,0.14090806,1
530,-0.01350702,-0.05485461,0.12503382,0.13390231,-0.25548621,-0.06094169,1
531,0.02600093,0.11873578,0.20849146,0.13329051,0.05372064,0.05507726,1
532,-0.11399401,-0.00059018,0.03550905,0.01780233,-0.32854825,-0.07811666,1
533,-0.02188473,-0.05087742,0.01393814,0.15400874,-0.26059923,-0.24686553,1
534,-0.06881430,0.11764250,0.35643322,0.22907609,-0.31694453,-0.07577928,1
535,0.02687582,0.07797623,0.21732569,-0.04699393,-0.05235251,0.10329176,1
536,0.15616567,-0.11453286,-0.03647383,-0.48889864,-0.12244158,-0.04944174,1
537,-0.13968453,-0.01498347,-0.06028593,-0.50884225,0.01405071,-0.14224478,1
538,0.04821011,-0.23659324,0.06007904,-0.18385490,0.05739745,-0.03859936,1
539,-0.03239544,-0.36906034,-0.26033813,-0.16292564,0.01010743,-0.10599490,1
540,0.10344372,-0.19459880,-0.20741243,-0.09365758,0.04269709,0.06376034,1
541,0.36714819,-0.19651103,-0.10686175,0.04472130,0.00441130,-0.04601090,1
542,-0.17579609,-0.16880544,-0.32841689,-0.30016896,-0.14233084,-0.18104828,1
543,0.05573001,0.04217694,-0.15392824,-0.09698509,-0.36324325,-0.10698293,1
544,0.08746193,0.16498417,-0.16464344,0.23262797,-0.34622200,-0.18824536,1
545,0.15229249,0.36532692,0.05374278,0.11721290,-0.46509119,-0.38335086,1
546,0.06604707,0.07842762,-0.16918758,0.12901890,-0.07325335,0.06886162,1
547,0.04312993,0.25178393,-0.07196387,0.02600258,0.17677452,-0.14068123,1
548,0.51870849,0.16601872,0.06166579,0.06802236,0.37360388,0.00539185,1
549,-0.14329207,0.31755438,-0.21352662,-0.03336284,-0.15477478,-0.01628600,1
550,-0.15747402,0.14222565,-0.05355207,0.36698752,0.32553284,-0.00625786,1
551,-0.03269199,-0.01159546,0.23774010,-0.02631407,-0.01006308,0.07516600,1
552,-0.10607152,-0.01133088,-0.23021454,0.12190569,0.34732269,0.16547547,1
553,0.23334619,-0.15672988,-0.00694920,-0.20369823,0.02918272,0.12671388,1
554,0.08383542,-0.31557224,-0.33476926,-0.30622372,0.09435817,0.43994736,1
555,0.26877776,-0.46469724,0.07346161,0.07247149,-0.25908784,0.15236970,1
556,0.27264852,-0.08266447,-0.33021052,0.17707172,-0.43710177,0.15199142,1
557,0.28137335,-0.02901901,-0.28208633,0.28737876,0.08713392,0.41641531,1
558,0.23637210,0.18329816,-0.09698679,0.10501632,0.03371802,0.11550421,1
559,-0.15186911,-0.10026839,-0.16940321,0.06401966,0.26615938,0.00696950,1
560,0.13799123,0.15506198,-0.03476709,0.07351819,0.00994550,0.19116818,1
561,0.15319034,-0.15364253,-0.05618204,0.31361385,-0.03061198,0.13659614,1
562,0.14126360,-0.24668152,0.00604539,-0.16487251,-0.11879784,0.28015890,1
563,0.10387333,-0.15128284,-0.01144307,-0.03074132,-0.02174033,0.29946320,1
564,-0.10176564,-0.05190597,-0.14354216,-0.28920058,-0.17007492,0.43479969,1
565,0.04068134,-0.25854626,-0.35359241,-0.06232291,0.24664799,0.19735784,1
566,0.24668047,-0.03776958,-0.04659468,-0.30263718,0.21859217,0.00002515,1
567,0.22460771,-0.16132223,-0.05821540,-0.05509986,0.01644305,0.02566038,1
568,0.01510307,-0.17992368,0.19879069,0.17162377,-0.13363315,0.13200065,1
569,-0.12944228,-0.28361116,0.20615152,-0.23774615,0.13983196,0.06757971,1
570,-0.07441696,-0.03716475,0.18374453,-0.23582166,0.15744526,0.05538094,1
571,-0.24698108,-0.04511249,0.30688476,0.21189673,0.16093634,-0.22354645,1
572,0.01897378,0.13551152,0.32138524,0.16535115,0.09790638,-0.13927610,1
573,-0.10417960,-0.28863001,0.15580288,0.05745456,0.12014676,-0.34201309,1
574,0.08685647,0.25693528,0.14337110,-0.01892424,0.07989745,0.23406726,1
575,-0.15987322,0.13706431,-0.17759059,-0.11828831,0.00721794,0.28532533,1
576,0.27929680,0.13427127,-0.10802837,0.41706063,-0.07550134,-0.00401515,1
577,-0.24108224,0.30380981,0.05976493,0.55612073,-0.26537011,0.25990792,1
578,-0.05505507,0.26391767,-0.24973623,0.45637276,0.08795195,0.12297799,1
579,0.10066457,-0.03457129,-0.16749196,0.01690585,-0.31571932,0.14830466,1
580,0.24274660,-0.13976273,-0.03502288,0.01573770,-0.00470539,0.03012180,1
581,-0.09086982,0.13471245,-0.10271656,0.36889047,0.00738502,-0.13311021,1
582,0.19533930,0.16622990,0.15818122,0.30734967,-0.11601111,-0.09970807,1
583,0.02397700,-0.16732207,-0.05502885,0.34097773,0.01927949,-0.27987052,1
584,-0.27331999,0.23422024,0.01090874,-0.03286783,-0.04542288,-0.36449303,1
585,0.17942750,0.02085371,0.39871396,0.00940224,0.24813754,-0.12926096,1
586,0.20395290,0.13759261,0.17228863,0.01850117,0.00822590,0.22787649,1
587,-0.10599258,0.05458767,-0.06046686,0.07563254,-0.07564294,0.13097870,1
588,-0.06014716,-0.26340228,-0.00128533,-0.16455629,-0.32747396,0.09013566,1
589,0.07093378,-0.00821065,0.10557216,-0.32857631,-0.31115291,0.50909803,1
590,-0.16858421,0.10674021,-0.20841251,-0.01141483,-0.17685776,0.39098852,1
591,-0.02270762,-0.03894620,-0.25197652,0.07844397,-0.25402552,0.26866881,1
592,0.46639253,0.22779880,0.03023695,0.05230827,-0.40030423,-0.05853457,1
593,0.36183396,-0.05306427,-0.25784171,0.05864239,-0.27205437,-0.18150826,1
594,0.09249299,-0.18122867,-0.27969935,-0.07458450,0.03905314,-0.04520182,1
595,-0.00617722,0.03657196,-0.11429746,-0.07650111,0.09257220,0.11755705,1
596,-0.02820737,0.02881265,-0.18623863,-0.19186553,0.15715182,0.10208381,1
597,0.07403501,0.06182237,-0.04469983,0.04677048,0.20007390,0.16509479,1
598,0.00264396,0.27383734,-0.02157119,0.08827947,0.09120304,0.05703429,1
599,-0.13169311,0.23334059,0.49636719,-0.06196934,0.03120767,-0.11703333,1
600,-0.12481404,0.36926012,0.05977490,-0.10704948,-0.27944284,-0.22610514,1
601,-0.34255126,0.25814201,0.59695711,-0.04099959,-0.35648105,0.08180405,1
602,-0.22701155,0.33484146,0.18757252,-0.05737001,-0.10406343,0.21987420,1
603,-0.10466509,0.04154563,0.04399986,-0.22410394,0.05043848,-0.25160520,1
604,-0.10932469,0.15293778,0.14171361,0.03943402,-0.00151655,0.08679366,1
605,0.13575493,0.14011915,0.22094507,0.14545474,-0.07940987,-0.22671246,1
606,0.11377592,0.15309649,0.24455939,-0.11641325,-0.17920326,-0.01327820,1
607,0.01913047,-0.27956125,0.09187005,-0.32962856,-0.20635625,0.25909480,1
608,0.33384876,-0.32815420,-0.08787812,-0.03800596,0.27892421,0.10935752,1
609,0.00788286,0.15042991,-0.21406285,0.06796051,-0.20952591,-0.00539603,1
610,-0.29651446,-0.13114513,0.09827015,0.04770601,-0.09977614,-0.10800694,1
611,-0.12295915,0.00290967,0.31383218,-0.44160366,-0.16987792,0.02578076,1
612,-0.05231391,0.07374569,0.15812968,-0.13605783,-0.12915935,0.00704764,1
613,0.19208744,-0.10291958,0.04204023,0.02239582,0.25476504,-0.03050570,1
614,0.22651026,0.18150457,-0.05765890,-0.07997329,-0.00775147,-0.10550379,1
615,0.21735182,0.11256801,-0.02582522,-0.22155769,-0.17571449,0.31763225,1
616,0.02900895,-0.09543375,0.12739563,0.02696458,0.06856276,0.13493931,1
617,-0.04921742,-0.06784957,-0.25085366,-0.02178242,0.06713984,0.38684587,1
618,0.00166293,-0.44668775,-0.12749881,0.47494413,0.16951230,0.01012421,1
619,0.10686601,-0.30826143,-0.27644268,0.02707800,0.05072666,-0.31020173,1
620,-0.17684798,-0.11870026,-0.12057453,0.06848442,-0.20839040,0.02961689,1
621,-0.26272350,0.24926865,-0.28615751,-0.14004962,0.03301908,0.37888638,1
622,-0.01704711,0.19880308,-0.04618002,-0.22679296,-0.08155302,-0.10211526,1
623,-0.23495346,0.15006644,-0.19024722,0.01476036,-0.25080682,0.00186631,1
624,-0.15392179,0.31188159,0.08764049,0.27325353,-0.18669479,0.04989568,1
625,-0.21980644,0.04752755,0.01447662,-0.02569733,-0.25651433,-0.23277248,1
626,-0.48286133,-0.17155440,0.22666932,-0.24620291,-0.29809377,0.27941574,1
627,-0.25012385,-0.00930643,0.27641642,0.11213525,-0.33424982,0.17176987,1
628,-0.36149865,0.43669748,-0.17039685,-0.09722492,-0.25484715,-0.11557568,1
629,0.14198271,0.60683246,0.00911887,-0.21477122,-0.45414137,-0.09313468,1
630,-0.01708670,0.12009811,0.01256631,0.10132136,-0.03360947,-0.07287724,1
631,-0.20308871,0.16682018,0.02322368,0.19214287,0.13542242,-0.29548288,1
632,-0.31517347,-0.07075417,-0.06891048,0.15973290,0.09059939,0.01749120,1
633,-0.01711161,0.00988506,0.29732851,0.10844814,0.03056482,0.26208681,1
634,0.01592878,-0.05091527,-0.11918007,0.14857263,0.22884507,0.09231647,1
635,0.23989653,-0.37451561,-0.05941074,-0.01210211,-0.08461822,0.42012917,1
636,0.05543193,-0.21986412,-0.15835293,-0.34773567,-0.15387431,0.42694510,1
637,-0.09764866,-0.23518611,0.10688813,0.18109078,0.06196622,0.16564418,1
638,-0.07051788,-0.23672798,-0.15065939,-0.15326104,-0.09872881,-0.09820547,1
639,-0.30126354,-0.05309154,0.04560791,0.28542663,-0.14025019,0.06926160,1
640,-0.02828601,-0.06645479,0.22941224,0.23890455,0.03059484,0.02431178,1
641,-0.07229620,-0.27218609,-0.08532365,-0.05654545,-0.19613288,0.09146583,1
642,0.19509717,-0.26990287,0.03806432,-0.16383297,-0.09451688,-0.00014694,1
643,0.16311121,-0.22774055,0.12879533,-0.06844182,-0.13602688,-0.16472761,1
644,0.09136733,0.07207027,0.05605199,0.41097977,0.22987595,-0.05966517,1
645,-0.03159522,0.11273200,-0.15644465,0.27202302,0.11153716,-0.04435083,1
646,0.11478188,0.35419872,0.01107790,0.02836683,0.29410689,0.11275567,1
647,-0.02555344,0.13946024,-0.01825020,0.01723302,-0.18476031,-0.35106965,1
648,-0.16690387,-0.11911020,-0.05186685,0.15330762,-0.06774018,-0.08757754,1
649,-0.26722985,-0.12967944,0.16173224,0.15903771,-0.14411097,0.02542899,1
650,0.32077268,-0.05388509,-0.00494604,0.03645777,-0.01252739,0.03646535,1
651,0.08440727,-0.28089482,-0.28335731,-0.01519880,-0.03227954,-0.07594580,1
652,-0.00816664,-0.09887494,0.07834940,-0.01569516,0.06531613,-0.08187791,1
653,0.10068460,0.02896159,0.19123822,0.11215645,0.11917028,-0.05382202,1
654,0.07235444,0.20275845,-0.09463107,-0.10675249,0.05673737,0.01939482,1
655,-0.12802697,0.06584131,-0.06602861,-0.43671639,-0.02806248,-0.06250894,1
656,-0.06479398,0.28061502,-0.18294423,-0.25495762,-0.47586559,-0.11542179,1
657,-0.08940558,0.01795229,0.19616329,0.17888865,-0.08213987,-0.04063786,1
658,0.15961515,0.00346470,-0.06480075,-0.24773000,-0.09603391,0.13594610,1
659,0.45458602,0.01244490,-0.22765149,-0.25869681,0.07994713,-0.23790589,1
660,0.22667890,0.15205528,-0.08057475,-0.12075149,0.11784355,-0.09020187,1
661,-0.07642630,0.39254284,-0.13963778,0.08662668,-0.41153893,0.14200463,1
662,0.24292218,0.15889309,0.06728968,0.19988371,-0.19885719,0.20145604,1
663,-0.07735749,-0.04743336,0.10665592,0.26389559,-0.16732896,-0.02208945,1
664,-0.13792410,0.11332400,-0.12594981,0.16313832,0.10062170,0.02174878,1
665,0.14309177,-0.01045496,-0.02820669,-0.15301491,0.20342369,-0.16905424,1
666,0.10312935,-0.01692581,-0.21304255,-0.18695493,0.29002109,-0.08215385,1
667,-0.15269537,0.04833943,-0.09615752,0.51948442,0.10992437,-0.17032582,1
668,0.21273857,-0.31248102,0.07205686,0.47135744,0.00129560,-0.41684357,1
669,-0.01154274,0.13960231,0.08833600,-0.03058168,-0.12308191,-0.23202195,1
670,0.06177520,0.29547359,0.25404551,0.09733588,-0.26456616,-0.32675446,1
671,0.11332763,-0.12662545,0.05641844,0.12927722,-0.25822554,-0.29999504,1
672,0.01487289,0.04113400,0.21974916,0.19078685,-0.03891924,-0.18044412,1
673,-0.18858797,-0.07587042,0.15252408,0.11672740,-0.38584643,-0.21374421,1
674,0.16386871,-0.01541412,-0.12158307,0.52628563,-0.08317420,0.08277914,1
675,0.11791762,-0.07219563,-0.22667214,0.53221493,0.16377076,0.20490946,1
676,0.13683529,-0.20883275,0.10287549,-0.04624282,0.08408338,-0.23808110,1
677,-0.32894057,-0.02438181,-0.12399349,-0.38565547,0.11429972,0.29091183,1
678,0.15777675,-0.05585291,0.02731101,0.03963437,0.22507861,0.03643726,1
679,0.05044495,0.03226666,0.04949108,-0.05601785,0.02386436,0.21751992,1
680,0.23187523,0.09855335,0.26782735,-0.08837470,0.29695729,0.17878209,1
681,0.65387947,-0.17610265,-0.16489767,-0.00292708,0.13150575,0.34087357,1
682,0.06325736,0.09401181,-0.09789011,0.10142580,-0.14640710,0.39002279,1
683,0.23903685,0.14469311,-0.07375734,0.09411788,-0.04375567,0.30114431,1
684,0.07270953,-0.09614520,-0.33452228,-0.10306917,0.03114247,0.11175272,1
685,0.05917377,0.05254410,-0.23534499,0.23159556,-0.04189526,-0.02490959,1
686,0.10344148,-0.31002191,-0.21323801,0.24373232,-0.32120136,0.19331741,1
687,0.30104390,-0.18775114,-0.06472073,0.32406046,-0.14892446,0.35852994,1
688,-0.03629417,-0.15939765,-0.31717932,0.17255577,0.17834254,0.17993066,1
689,-0.23901378,-0.25722745,-0.02406345,0.34266584,0.10690665,-0.01428393,1
690,0.07081433,-0.14371109,0.00508846,-0.10485742,0.27512250,-0.45231956,1
691,0.16349450,-0.13967931,-0.01773216,0.22618161,-0.07295195,-0.35828717,1
692,0.02242715,0.01986413,-0.07464622,-0.21171709,-0.17056645,0.11734504,1
693,0.01975584,0.08896455,-0.09220742,-0.14091703,0.26749760,0.05361587,1
694,-0.07426048,0.23209955,-0.16759150,-0.19328646,0.05589535,-0.05427945,1
695,0.02588276,0.46727428,0.05352071,-0.48800825,0.07002810,-0.06229422,1
696,0.01508712,0.22702090,0.01003735,-0.14752027,0.12449794,-0.20675493,1
697,-0.16634811,0.63306825,-0.09582344,-0.04308304,-0.24406261,-0.12800230,1
698,-0.21467981,0.16794707,0.24038114,0.11970316,0.05299807,-0.40363472,1
699,0.27037367,-0.14885475,0.47054448,0.20457999,0.11462876,-0.36007666,1
700,0.10318868,-0.14298276,0.09298244,-0.01410636,-0.34378784,0.04410684,1
701,0.01436906,-0.14318445,-0.11920866,0.12538312,-0.23034241,-0.28454850,1
702,0.07731722,0.03743928,-0.02023812,-0.13133106,-0.03053492,-0.30760611,1
703,-0.16319610,-0.12048317,0.17508251,-0.09316107,-0.08678588,0.22458007,1
704,0.01762890,0.01389819,-0.01097133,-0.11491860,-0.41108924,0.30668519,1
705,0.08564474,-0.02681431,-0.08556225,0.18018220,-0.36291310,0.11952941,1
706,-0.18049131,0.30838463,0.08925179,-0.28230480,-0.34580783,0.11740799,1
707,-0.13570890,-0.11777996,0.40902176,0.04884449,0.01559251,-0.03580177,1
708,0.09191153,-0.11454149,0.09637475,0.11955919,-0.29006892,0.28534902,1
709,0.05863256,0.18577292,-0.24887854,-0.08116840,-0.26775378,0.25090652,1
710,0.02833702,-0.01093857,-0.30383992,-0.19855191,-0.06282982,0.05968060,1
711,-0.11545415,0.27419805,-0.10677916,0.18956615,-0.10868088,0.08578974,1
712,-0.04239734,-0.19833350,0.25379908,0.04457757,0.11239507,-0.11202334,1
713,-0.04157427,-0.23360141,0.31595007,0.04638671,0.08878034,0.19846869,1
714,0.19647021,0.04640044,-0.20109124,-0.12999760,-0.16276078,0.22613126,1
715,0.08587280,-0.23214508,-0.18371310,-0.27169339,-0.04245584,-0.17038274,1
716,0.11929618,-0.02275838,0.30124069,0.09103250,-0.08470326,0.11870860,1
717,-0.21808926,-0.18214584,0.07346821,-0.34929838,-0.02380420,-0.11017669,1
718,-0.04298934,-0.26522955,0.18261707,-0.08146842,0.24725595,-0.01358640,1
719,-0.15042418,-0.14817040,-0.18220654,0.00588245,0.15613394,0.41690052,1
720,-0.15415934,-0.10615228,-0.17057055,0.01040609,0.10025294,0.14910334,1
721,0.15226123,-0.15257233,0.16048239,0.08079266,0.01809187,-0.00306814,1
722,0.47954477,-0.20673240,0.04380683,-0.11775140,0.32506740,0.17559849,1
723,0.01252052,0.01141432,-0.12670874,-0.18409437,0.20215315,0.09506383,1
724,0.04234068,-0.00308142,0.02697982,-0.04374386,0.05148415,-0.12560769,1
725,0.31676430,-0.19028073,0.09141896,-0.07849557,0.32712147,-0.22735739,1
726,-0.04342155,-0.24898581,0.01771208,-0.32858775,-0.02003650,-0.53463823,1
727,0.03108603,-0.18741671,-0.15802919,0.11505716,-0.23942864,-0.04120631,1
728,-0.11746051,0.21498441,0.09424883,-0.10709638,-0.21345416,0.17573720,1
729,-0.08020297,0.05359848,0.25898916,-0.12214840,-0.02669797,0.26654043,1
730,0.12312562,-0.00776798,-0.01011762,-0.33924691,-0.19551873,0.16816600,1
731,0.00974649,0.01044883,0.11640550,-0.26389060,-0.08201925,0.15272823,1
732,-0.12401264,0.26175240,0.16206993,0.00005603,0.30638879,-0.18737803,1
733,-0.03620503,0.16831169,-0.05404458,-0.00331478,-0.13727549,-0.06513923,1
734,0.18024635,0.11484650,-0.32367032,-0.14912777,0.07390972,-0.01441912,1
735,-0.43431958,0.26862579,-0.10800729,-0.19946676,0.19402631,-0.16203857,1
736,-0.24584873,0.16956269,0.46153100,0.20480116,0.10395330,-0.06953715,1
737,0.07345223,-0.15994131,0.31691016,-0.09920398,0.07833101,-0.11916022,1
738,0.11083788,-0.04129422,-0.48043120,-0.00788274,0.13141521,0.03400988,1
739,0.01265026,0.27943899,-0.10013951,0.05211884,0.21456249,0.05383755,1
740,-0.15809187,-0.32961250,-0.12310943,0.11007392,-0.02020254,0.07572155,1
741,-0.01761035,0.10294086,-0.04497512,0.11613539,0.08697716,0.35364763,1
742,-0.31213850,-0.04225345,0.08696260,0.29167803,0.06078760,0.06049115,1
743,0.04865408,0.13984121,0.04556639,0.12271777,0.22477774,0.35708870,1
744,0.14732764,0.06263672,-0.07564734,0.08959093,0.02459780,0.11042740,1
745,-0.14905816,0.25796744,-0.28940603,-0.05946002,0.02253705,0.39001484,1
746,-0.11792831,-0.01899211,-0.18754197,0.27915483,-0.50166859,-0.05850016,1
747,0.45852573,0.09893098,-0.19615448,0.15799021,-0.08922605,0.25092841,1
748,0.45983315,0.10863109,-0.33383099,0.19884938,-0.14371463,-0.07309893,1
749,-0.18769378,-0.23923763,-0.37579948,-0.13415072,0.02734339,-0.22747451,1
750,-0.61855156,-0.28146966,-0.07572597,-0.14844781,0.27903949,-0.17874450,1
751,-0.01508091,-0.11349930,0.20286799,-0.24069615,0.04580224,-0.24003067,1
752,0.02637068,-0.08691437,-0.07552984,0.10833956,0.08608615,-0.17647672,1
753,0.03359184,-0.04908015,-0.15240068,0.02427754,-0.09438742,-0.25264230,1
754,-0.28266782,-0.08374451,0.09818989,-0.10112358,0.43465551,0.08285501,1
755,0.15542556,0.11039137,0.43323995,-0.24905727,-0.37310561,-0.13804256,1
756,0.14411225,0.07044698,0.12712420,0.24398083,-0.00661989,0.15978590,1
757,-0.12866439,-0.16961914,0.24742055,0.08185654,-0.11351888,-0.05307246,1
758,-0.15296236,-0.19395046,-0.12152621,-0.22783406,-0.05803858,-0.07774206,1
759,0.15634726,-0.02309998,0.08097728,-0.18119724,-0.03351247,0.07371162,1
760,0.17280689,-0.02593490,0.15093374,-0.03865909,0.13594090,-0.04586692,1
761,-0.27775350,0.03816151,0.11921921,0.06817350,0.10346201,-0.11101253,1
762,-0.22318859,0.11423601,0.21318931,-0.10291363,0.22060204,-0.23583960,1
763,-0.16769036,0.33923410,0.31919177,-0.13215489,0.09630369,-0.14044687,1
764,-0.54128652,-0.03049128,0.14492376,-0.11607836,0.06393772,0.07309506,1
765,-0.20983282,-0.20230297,0.25380488,-0.10049565,-0.01517208,-0.03283775,1
766,0.34462404,-0.48244720,0.06357062,-0.02354308,-0.14367134,0.18045920,1
767,0.24313333,-0.19728032,-0.17474809,0.00076434,-0.04789204,0.16458407,1
768,0.03441544,-0.03171521,-0.01223835,-0.21226988,-0.19879664,-0.20610891,1
769,0.16561304,0.03265441,0.11235639,-0.27436456,0.28112153,-0.14397646,1
770,0.07676990,0.16656034,-0.17909266,-0.22128798,0.08905474,0.38166236,1
771,0.07575421,0.35428655,0.08417303,-0.00710285,-0.16006071,0.30620083,1
772,-0.24839324,0.42671854,-0.02062558,-0.44884186,-0.09363319,0.23470237,1
773,-0.11239620,0.29559013,-0.11870225,-0.33240957,-0.03177983,0.06640353,1
774,-0.09426238,0.33651733,-0.15684412,-0.02275876,0.00581312,-0.28652072,1
775,-0.26388789,0.13375549,0.39841211,0.09735276,-0.30943966,-0.72937496,1
776,0.05786791,0.03499318,0.51023260,-0.07557954,0.00051243,-0.09887159,1
777,-0.06429809,-0.06300962,0.12499837,0.07823923,-0.00247658,0.12868122,1
778,-0.10119886,-0.26375412,0.38425303,-0.08834240,-0.10282000,0.05176300,1
779,-0.01631714,-0.17275696,0.11225486,-0.01048853,0.01069152,-0.34053655,1
780,0.33397699,-0.09407693,0.19497927,-0.25274804,-0.08261970,-0.24226187,1
781,0.35830826,-0.14223982,0.11775528,-0.16627883,-0.09816566,-0.11285928,1
782,0.33168067,-0.39580329,-0.30396378,-0.37466882,-0.21558588,-0.14979998,1
783,-0.19749329,-0.28694476,-0.51578275,-0.23871428,0.17251408,0.11752407,1
784,-0.02169848,-0.29272388,-0.35679234,-0.29850475,0.02708067,0.20485979,1
785,0.15633468,-0.00097371,-0.24627024,-0.07706907,-0.05236970,0.08484328,1
786,0.41057115,-0.31754086,-0.16571035,0.20820810,-0.27444236,-0.06749187,1
787,0.02003348,-0.16438198,-0.44670661,0.21191418,0.06447749,0.17404052,1
788,-0.15104323,-0.04871764,-0.30497922,-0.01771442,0.40065264,0.09816877,1
789,-0.25615743,0.01340695,-0.28475530,-0.29549155,-0.10644572,-0.12806967,1
790,0.09674286,0.10935512,0.12997979,-0.25348267,-0.11894516,0.01880263,1
791,-0.08593879,-0.00733731,0.07634435,-0.10535809,0.01665650,0.30768532,1
792,-0.05506034,0.20941119,0.09367517,-0.29419615,-0.19501903,-0.02367786,1
793,-0.16932748,0.06564830,0.15471661,0.18719420,0.01606569,-0.07297661,1
794,-0.42233904,0.03838109,0.10833643,0.07783125,0.38236951,0.17947613,1
795,0.02274694,-0.15816309,0.03793579,-0.06885580,-0.06231115,0.06822464,1
796,0.07062938,-0.25775279,0.20551905,0.01247589,-0.32382349,0.05680376,1
797,0.07044508,0.07429583,-0.04394310,0.21294970,-0.03174668,-0.09853341,1
798,-0.23495384,0.23111778,0.19912509,0.11858684,0.26281243,0.14587837,1
799,0.05709414,-0.07364619,0.40944114,0.07760366,-0.01634672,-0.15484007,1
800,0.08623116,-0.32923922,0.27033719,-0.12475805,0.09159732,-0.16715800,2
801,-0.03773556,-0.15677782,0.05125437,0.31525984,0.29176022,-0.01528865,2
802,0.04560897,0.08795431,0.22242031,-0.03547107,0.14671564,-0.33518668,2
803,0.21375084,0.46443626,0.03460275,-0.38357239,0.12153720,-0.32133776,2
804,-0.11049466,0.46551073,-0.01349550,-0.17878092,-0.24590244,-0.12939826,2
805,-0.15711147,-0.10846144,-0.09582698,-0.04091176,-0.19831070,-0.31565948,2
806,0.10401186,-0.62493093,-0.19578575,-0.17241557,-0.01102373,-0.04826281,2
807,0.21012682,-0.25400587,0.00816172,-0.00336992,-0.25487384,0.31926053,2
808,-0.17212235,-0.00343297,0.14785988,0.10794429,-0.10907659,0.29997134,2
809,-0.33003141,-0.12842512,0.03321841,-0.12811824,0.07728042,0.33588485,2
810,-0.22608829,0.04026134,0.10151262,-0.30503860,-0.03833788,0.10502461,2
811,-0.28336200,0.08004956,0.11131030,-0.47108108,-0.38064817,0.12613814,2
812,-0.36328263,-0.00028184,0.21885526,-0.49542792,-0.45829978,0.36108302,2
813,-0.19164016,-0.19815141,0.01205217,-0.39085118,-0.42943547,0.32986938,2
814,-0.30135772,0.04998839,0.00972866,-0.39670479,-0.23189755,-0.31626432,2
815,-0.23022436,-0.07951966,0.07936082,-0.58190266,0.05985864,-0.00194026,2
816,0.00781885,0.05009543,0.21700236,-0.56019655,0.02304113,-0.13972738,2
817,-0.41107049,-0.03546787,0.06414648,-0.36757883,-0.06066186,-0.39159816,2
818,-0.63099465,0.17237230,0.10007873,-0.45087972,-0.09158440,-0.00178290,2
819,-0.28171426,-0.04295789,0.24078949,-0.48890375,-0.14258952,-0.00405638,2
820,-0.26866641,-0.09480386,0.11822063,-0.26703986,-0.32446300,0.14240389,2
821,-0.34351376,-0.18177553,0.03195432,-0.11737526,-0.50061639,0.22774562,2
822,-0.28953353,-0.06215347,-0.01915681,-0.15272041,0.23223853,0.05784249,2
823,0.07042486,-0.00975232,0.07975880,-0.12997995,0.18023215,-0.09602611,2
824,-0.17494686,-0.01229922,0.03079492,-0.07112780,0.14088830,0.18941462,2
825,-0.26341771,-0.13929630,-0.20101412,0.28767998,0.07259495,0.17599054,2
826,-0.29088302,-0.18784460,0.04396863,-0.00657977,0.29582325,0.49940380,2
827,-0.29305962,-0.26151754,-0.02276379,0.20392418,0.28150803,0.21191001,2
828,-0.07292103,-0.30621432,0.19934543,-0.07098756,0.10231353,0.20985252,2
829,-0.07906164,-0.12020406,0.13838527,0.09440062,0.34985700,0.20468433,2
830,0.13137989,-0.03053875,-0.01896828,0.13258249,0.14942520,-0.15922180,2
831,0.02340310,0.02691429,-0.13717772,0.35642029,0.15463323,0.17183183,2
832,0.13165762,-0.01691469,-0.18913447,0.14967197,0.11344983,-0.16477410,2
833,-0.01097203,-0.02595791,-0.04709965,0.17958460,-0.04273486,0.00642967,2
834,0.00018532,-0.58570323,-0.10649763,0.26208580,-0.26808303,0.02332677,2
835,0.34019796,-0.46510789,-0.04110340,-0.13107747,0.37971045,-0.00396225,2
836,0.12276186,0.34556949,0.10004458,-0.11283025,0.01027897,0.08721280,2
837,-0.08476655,-0.19643609,0.05471154,-0.27617992,0.21563658,0.07308863,2
838,-0.25597365,-0.08953290,-0.29903868,-0.33113477,0.19933178,0.43630516,2
839,-0.04511918,0.00544112,-0.10822305,-0.37573363,0.35493856,0.17247361,2
840,0.28348672,0.42874928,-0.32098947,-0.28119582,-0.12541208,0.06723772,2
841,0.04850699,0.81125455,-0.31966713,0.01055915,-0.04548248,0.03153220,2
842,0.04225251,0.07534394,-0.11430038,0.10999814,-0.07159923,0.11755639,2
843,0.29486505,0.16006046,-0.01023109,-0.15544148,-0.11085904,0.01609105,2
844,0.13580883,0.07506853,-0.16920449,-0.19159449,-0.38146659,-0.03467726,2
845,-0.24798882,-0.16479453,-0.15346683,-0.27763490,-0.07243877,0.11683177,2
846,-0.26025905,-0.16559580,0.05625592,-0.30866983,-0.19482087,0.27065151,2
847,-0.01380754,-0.00846644,0.25418624,-0.55181176,0.15519890,0.19863651,2
848,0.06086296,0.24407655,0.16683823,-0.27158685,-0.02161327,0.03787506,2
849,0.12482041,-0.12319132,-0.01521935,0.27800086,-0.21557120,-0.02504157,2
850,-0.04875112,-0.06579672,-0.14504037,0.11191398,0.18514837,-0.13762644,2
851,0.14502411,0.13214179,0.09408412,0.05569085,0.66045713,0.12469478,2
852,0.13054955,0.09959295,0.05289551,0.31992834,0.44977212,0.32510160,2
853,0.26259793,-0.10829093,0.18641251,-0.05992942,-0.10902948,0.19687827,2
854,0.19107774,0.20248136,0.21726030,0.14655748,-0.19902599,0.07426193,2
855,-0.16102819,-0.32141073,0.24622847,-0.02338060,0.11434811,0.23464140,2
856,-0.18346515,-0.01529808,0.04387250,-0.38722070,0.09141320,0.02626897,2
857,-0.23659321,0.41107755,-0.24923774,-0.13622881,-0.24315166,0.17591685,2
858,-0.07334325,0.08901116,-0.23903128,-0.25882836,0.01907565,0.40198292,2
859,0.00179977,-0.08704150,0.04900307,0.31381520,-0.04891732,0.45333932,2
860,-0.06692459,-0.12778070,0.23828369,0.19606966,-0.06528212,0.06879536,2
861,0.19098010,0.08311031,0.39308916,0.38320456,0.07287094,-0.02346367,2
862,0.40284775,0.14292335,-0.00916644,0.01963750,0.17866751,-0.04301184,2
863,0.16721644,0.41972793,0.12261041,0.36152043,-0.32442212,0.02525953,2
864,0.27027902,-0.26202143,-0.05802214,0.03908639,-0.05167671,0.30496587,2
865,0.48486216,-0.16320808,0.13998298,0.19277381,0.10647848,0.21611833,2
866,0.29700754,0.39604653,0.31023579,0.02303643,0.23536528,0.26288884,2
867,0.18527386,0.49061137,0.23147711,0.12951951,0.02040935,-0.23889170,2
868,0.08980181,0.07388127,-0.16704239,0.36192270,0.05033728,-0.11840700,2
869,0.01139528,0.02976718,0.07741982,0.01969840,0.08075864,0.10022483,2
870,-0.33961490,0.02007157,-0.01992272,-0.01306784,-0.07208158,0.07219624,2
871,0.20200169,-0.18356412,0.06048434,0.25746167,-0.12129350,0.36080296,2
872,0.13894111,0.23204473,0.24538495,0.21439928,0.04638811,0.05839522,2
873,0.11634794,0.24202348,0.11925774,0.06720180,-0.02149886,0.20627690,2
874,0.28305675,-0.02523069,-0.01996489,0.12788187,0.24861448,0.30388318,2
875,-0.08065525,0.07571560,-0.10579646,0.08276352,0.37764972,-0.11227842,2
876,-0.30770854,-0.07049305,-0.02092770,0.12154864,0.17139726,0.15849611,2
877,-0.42017729,0.10230586,-0.02862071,0.09234444,-0.16142193,0.07588849,2
878,-0.11326316,0.03099352,-0.28034348,-0.07726587,-0.22658031,0.12689777,2
879,0.07655343,0.16120547,-0.19032872,0.10420142,0.17160738,-0.23573970,2
880,0.16389970,0.27084623,-0.18508761,-0.15501632,0.20764412,-0.32745755,2
881,0.00379791,0.23158673,-0.02869153,-0.12752958,-0.15203331,-0.13713970,2
882,0.15608030,0.47879401,-0.31580078,0.00743218,-0.29368708,0.11849505,2
883,-0.10234489,0.00458015,-0.21765736,0.03353801,-0.07901929,0.14313506,2
884,-0.03667690,-0.30264886,0.06835279,-0.02533519,0.19807551,-0.05966516,2
885,-0.30898784,-0.05610635,0.24953147,0.00854178,0.04895423,-0.18489448,2
886,0.18942552,-0.29736627,-0.06357339,0.01825095,-0.31259856,0.14193901,2
887,0.19510412,0.04072995,0.10539457,0.03199561,-0.21306848,0.04194831,2
888,-0.08755434,0.10102710,0.20136948,0.33386849,0.01972467,0.18627242,2
889,-0.02019493,-0.16238315,0.21716318,0.03754131,0.11273763,-0.10287528,2
890,-0.15926255,0.07619392,0.23137608,-0.16831340,0.17922389,-0.14457035,2
891,-0.09857107,0.31677997,0.21370524,0.03150919,0.33477757,-0.19510525,2
892,-0.21194767,0.02173805,0.00304022,-0.43935215,-0.00235782,-0.19034151,2
893,-0.03906434,0.10895199,-0.15094817,-0.12764539,0.02754970,-0.22840295,2
894,-0.13169958,-0.33887861,-0.31578995,-0.19518963,-0.02559471,-0.27824328,2
895,-0.18809457,-0.33230547,-0.17283180,-0.03791631,0.07396260,-0.12943255,2
896,-0.36369778,-0.25315575,-0.17946165,-0.14098609,0.07194983,0.19535329,2
897,-0.03484324,-0.32792572,0.08840079,-0.04373751,-0.12224260,0.24523202,2
898,-0.05252801,-0.39365199,0.17776588,0.01187220,-0.02891508,0.10929592,2
899,-0.14884302,-0.04599891,0.09582638,0.01973906,0.11992307,-0.15610939,2
900,-0.21886968,-0.43567396,0.10763684,-0.25265694,0.06240330,-0.00708907,2
901,-0.03558433,-0.35091548,0.03403022,0.13864047,0.33174185,0.17436379,2
902,0.07489519,-0.25131255,0.18479373,0.01625211,0.26022571,-0.03140736,2
903,0.00347799,0.04042934,0.11842767,0.11655907,-0.00369880,-0.25665236,2
904,0.31827047,0.43179660,0.07314546,-0.19125957,-0.11990852,-0.02980013,2
905,0.33405493,0.04515348,0.00291988,0.05003702,0.02018353,-0.07594885,2
906,-0.13182607,0.23279111,0.18612809,0.09976012,0.08193995,-0.12134546,2
907,-0.18632302,0.21210627,0.12356771,0.09026823,0.27617351,-0.24728917,2
908,-0.15814167,0.08572597,-0.10453056,0.12374125,0.01702178,-0.29566677,2
909,-0.02819908,-0.02212332,0.05360819,0.07477427,0.10173086,-0.08224940,2
910,-0.03000364,-0.13694578,0.05651741,-0.03841357,0.34735944,0.20267451,2
911,0.09338019,0.11777006,0.05608119,-0.25070472,0.05178442,0.11415237,2
912,0.02781925,0.23181018,0.21702285,-0.19716844,-0.18542342,0.31516816,2
913,0.10916265,0.01351053,0.14940358,-0.08852314,-0.11568266,0.23421242,2
914,0.48328702,0.06661973,0.23940645,-0.30756099,-0.13542189,0.33200999,2
915,0.20952855,-0.56314918,0.30379120,0.36092262,-0.46916595,0.43058836,2
916,-0.33621009,-0.16052831,0.23213726,-0.22084363,0.14041486,0.41089448,2
917,-0.12075612,0.03315741,0.12346615,-0.51780220,0.13091867,0.50938040,2
918,0.04478828,-0.22155531,-0.10012269,-0.39122877,-0.37857458,0.24897988,2
919,0.00771497,-0.31755519,0.15355493,-0.03372275,-0.23886524,0.08675691,2
920,-0.35479709,-0.21605864,0.08908476,0.01923573,0.05454956,0.08501465,2
921,-0.19140844,-0.12893116,0.23932385,-0.11032464,0.10650588,0.00671595,2
922,-0.21923489,0.04425955,0.00701752,-0.02844774,0.02387380,-0.05153043,2
923,-0.15636791,-0.13802661,-0.30510937,-0.00457097,0.03399316,0.12855777,2
924,-0.16177725,0.25382655,-0.17289782,-0.20372429,-0.15132933,-0.25127580,2
925,0.16588255,0.28420662,-0.02631062,-0.28775436,0.20757708,-0.18220669,2
926,-0.03943834,0.53608158,0.06474219,0.32955922,-0.01592822,-0.15768106,2
927,-0.05768405,-0.26051278,-0.05821836,0.32509159,0.09726234,-0.07095518,2
928,-0.13518420,-0.11875575,0.14020414,0.18964782,0.16453265,-0.17702654,2
929,0.13939522,-0.65136301,0.08958671,0.49923565,-0.17365346,-0.12721090,2
930,0.16099910,-0.41970741,0.19648742,0.32194931,0.19886432,0.08331614,2
931,0.13738937,0.46412363,0.13310740,0.20811820,-0.12700385,-0.05839801,2
932,0.30727413,-0.13097981,-0.34328791,0.12708742,0.19462665,-0.02000381,2
933,0.09410126,-0.25165154,-0.07442194,0.25650736,-0.22826855,0.19475055,2
934,0.23064578,0.02763683,0.11744321,0.24576911,0.13779439,0.24847597,2
935,-0.17990087,-0.20762695,-0.02310890,0.13926347,0.15215646,0.17601513,2
936,0.15521786,0.08460101,-0.12636884,0.04690984,-0.05545414,0.04940136,2
937,0.13240668,-0.56041183,0.38983191,0.16456656,-0.12201901,0.37030201,2
938,0.02703029,-0.18686951,0.16991891,0.40000007,0.07521879,0.20212452,2
939,0.31154114,-0.02663291,0.11194642,0.36565038,0.59217198,0.15277400,2
940,0.22725624,0.19632482,0.32062490,0.12512891,0.17021979,-0.20445101,2
941,-0.09224591,0.06201508,0.08370163,0.43241910,0.13347424,-0.26091509,2
942,-0.07910414,0.16292106,0.17911698,0.14979473,0.03844241,0.07902961,2
943,-0.18045636,0.06880283,0.50629896,0.07371217,-0.12184680,0.11126114,2
944,-0.14439390,-0.34183065,0.37497834,0.17910860,-0.07736823,-0.01525651,2
945,-0.19581964,-0.25280027,0.06037722,-0.15218889,0.41503940,0.07674972,2
946,-0.01037462,0.16205112,0.18318403,-0.19011385,0.14700065,-0.01210950,2
947,0.03486809,0.19834420,0.00898720,-0.31736443,-0.00765965,-0.04249841,2
948,-0.39206368,0.24552152,0.16785942,0.33956189,-0.17351585,-0.11707729,2
949,-0.29210618,-0.14954070,0.08318035,-0.12313640,-0.03151127,-0.41155778,2
950,0.01929046,-0.26371554,-0.06509167,-0.38841430,-0.11704451,-0.24506496,2
951,-0.07516917,0.07427913,0.17350839,-0.01616068,0.09920234,0.14434031,2
952,0.06784640,0.02285245,0.29154336,0.16541104,0.12433384,-0.19353485,2
953,-0.08862120,-0.02712381,0.22382703,0.08080226,0.26653057,0.14516689,2
954,0.19580854,0.23004667,-0.05440321,0.09365017,-0.02674643,-0.22814271,2
955,0.04942221,0.34833919,0.00604190,0.45581840,0.01213159,0.33265324,2
956,0.14781062,0.02125098,-0.15044943,0.39410200,-0.03777756,0.04093437,2
957,0.37457930,0.15558961,0.14700751,0.13254768,0.06769993,0.00859530,2
958,0.32464469,0.44207571,0.13300380,0.51422655,0.18311014,-0.03819682,2
959,0.39191899,0.47977018,0.40940572,0.50907213,0.09489648,-0.05707854,2
960,0.37339993,0.48640642,0.24514079,0.39431138,0.07269979,-0.08602849,2
961,0.20882215,0.22833133,0.39726009,0.21872833,0.04107883,-0.19647444,2
962,0.26172376,0.34652354,0.42178127,0.18235208,0.12735898,-0.12060571,2
963,0.24221570,0.24582464,0.16826109,0.17118439,0.09880237,-0.11001495,2
964,0.09305981,0.45255967,0.53647695,-0.08035046,-0.20300083,-0.22434375,2
965,0.00339426,0.30420781,0.29064328,0.02562867,-0.03723547,-0.23072920,2
966,-0.03717151,0.07916170,-0.21068967,-0.19794203,-0.25053705,0.02836436,2
967,-0.01269397,0.10496638,-0.41734629,-0.35583535,0.00617661,-0.48673925,2
968,0.14077704,-0.20688125,-0.14493017,-0.30419802,0.09429870,0.34715648,2
969,-0.41408391,0.20883713,-0.30875278,-0.00344876,-0.05301522,0.18762633,2
970,-0.33737624,0.05361343,-0.35314967,0.10455997,-0.11801401,-0.16370437,2
971,0.16835350,-0.16803528,0.14986319,0.16538097,-0.15496910,-0.09275886,2
972,0.12650425,0.19377103,0.12323278,0.14490256,-0.00845796,-0.05299137,2
973,0.31782528,0.06727229,-0.02912157,-0.00841809,-0.09829591,-0.27745143,2
974,-0.00438663,0.37493103,-0.11438557,0.21370743,-0.48049105,-0.02898684,2
975,0.01379161,-0.15168122,-0.02452879,-0.00602340,-0.49968227,0.15228880,2
976,0.04823139,-0.23498514,-0.14938304,-0.26303930,-0.05123564,0.36247851,2
977,0.00169537,-0.25571205,0.05883136,-0.09987703,0.12029312,0.28072747,2
978,-0.55761503,0.07410465,-0.08958409,-0.29490750,0.00950036,0.20680781,2
979,-0.58932787,0.03838348,0.14592960,-0.26643493,-0.23155444,-0.07843191,2
980,-0.11659232,-0.45545336,0.23767594,-0.30237663,-0.13539557,-0.34456775,2
981,-0.13818806,-0.03649723,-0.21582378,-0.06286811,-0.01378076,-0.27891660,2
982,0.08311822,-0.44300551,-0.09736015,0.22741291,0.24744784,-0.06181094,2
983,0.02786083,-0.21957611,-0.11174572,0.21137313,0.02883379,0.10708894,2
984,0.43975391,-0.11823171,-0.26635868,-0.15059549,0.22704596,0.03991742,2
985,0.30960522,0.11506814,0.04146726,0.03684141,-0.09645141,-0.05329183,2
986,-0.07875537,0.46498366,-0.01145064,0.21848134,-0.12758001,-0.21456333,2
987,-0.02925571,0.23162616,-0.14855616,-0.09269931,-0.02205340,-0.01170178,2
988,0.26414822,0.14598952,0.04777848,0.08452231,-0.26840210,-0.17893675,2
989,-0.06736429,-0.19712837,0.12270912,0.16061763,-0.04950921,-0.55135724,2
990,0.37548234,-0.30162185,0.29544623,-0.21650411,-0.09151195,-0.65740094,2
991,0.17640135,-0.13800902,-0.21554891,-0.22601728,0.11611259,-0.18300175,2
992,0.35243820,-0.01927074,-0.09800064,-0.27133067,-0.06399330,-0.17998387,2
993,0.17375889,0.34796400,0.09347319,-0.15888480,0.10712472,-0.09309906,2
994,-0.01922635,0.11320746,-0.08122235,0.30015087,-0.00875769,-0.01262195,2
995,0.00751279,0.39194542,0.19620251,-0.01661161,-0.00083915,-0.04453640,2
996,0.02591591,0.00686383,0.15506299,0.25694303,-0.29963400,-0.22413989,2
997,-0.02247027,-0.21400836,0.37601137,0.28922609,0.15890301,-0.15364305,2
998,-0.00045414,-0.36809241,0.27066425,0.19633019,0.36485609,-0.11064929,2
999,0.01532186,-0.03899461,0.25407203,-0.18716569,0.31488898,-0.05604559,2
1000,-0.22328602,-0.24971504,0.07432663,0.19095902,0.33652316,0.03744839,2
1001,0.30002484,-0.12120841,0.21301715,-0.06914051,0.06425288,-0.10423203,2
1002,-0.26032233,0.32949909,-0.04586270,-0.08640109,-0.19507641,-0.08610461,2
1003,0.19089320,0.36364673,-0.33913170,-0.17186557,-0.29959086,0.13715831,2
1004,0.09521506,0.02986816,-0.10447045,-0.09966682,0.12911408,0.16335249,2
1005,0.13941554,-0.37773500,-0.02013161,0.36261794,0.24099853,-0.25518193,2
1006,0.07746295,-0.31716120,0.23992663,0.22688406,0.05501671,-0.11459709,2
1007,-0.38962954,-0.31384446,0.08563732,0.26389464,-0.23800367,-0.12283235,2
1008,0.07453355,-0.62650510,0.05046951,0.00555502,0.36151327,-0.09954562,2
1009,0.00133155,0.07372529,-0.23961149,-0.01640084,0.09577032,-0.07210655,2
1010,0.14984039,0.15416888,-0.25701915,0.01850128,0.27512429,-0.18376479,2
1011,0.09243627,0.13599671,-0.16716987,-0.24366106,0.29707092,-0.22633611,2
1012,0.17228877,0.10584697,-0.23872662,0.14829757,0.17078355,-0.06953656,2
1013,0.23979409,0.04966573,-0.12277654,-0.01155759,0.21874440,-0.15771731,2
1014,0.36483674,0.10305230,-0.08697263,0.20008791,0.04370467,-0.12825127,2
1015,0.18844274,0.27943378,-0.18737276,0.15995343,0.04116852,0.09494014,2
1016,0.09398228,0.45048669,-0.08866995,0.07394550,-0.02773544,-0.19207223,2
1017,-0.13199371,0.05564120,0.12083521,0.04994979,-0.14498796,0.12989262,2
1018,0.23464817,0.14703579,-0.07020270,-0.10687865,0.29647425,0.10486699,2
1019,0.02727009,0.36413207,0.17472655,-0.07848204,0.06034416,0.21640117,2
1020,-0.21389011,0.16532042,-0.07343137,-0.20032269,-0.16039974,0.18827698,2
1021,-0.18895947,-0.12892099,0.02062281,-0.34636364,-0.02917426,0.29273744,2
1022,-0.16538466,-0.06260877,0.14422061,-0.55568084,0.03161052,0.69685526,2
1023,-0.20713137,0.05133963,0.35904459,0.02956182,0.06713337,-0.05827526,2
1024,0.02127673,0.41985089,0.25664467,-0.25495482,0.06481365,-0.25809806,2
1025,0.17748744,0.05287168,0.06650995,-0.24913348,-0.20450589,0.14538176,2
1026,0.04051589,-0.01572711,-0.14311909,-0.38498521,-0.33555187,0.08894357,2
1027,0.11286671,-0.08586174,0.24030321,-0.26981676,-0.20301274,-0.15223800,2
1028,0.16898012,0.40135561,-0.24661694,-0.13691132,0.13399890,-0.33248530,2
1029,0.14380512,0.47795666,-0.17167167,0.09291019,0.25582470,0.19339330,2
1030,0.06818804,0.15335747,-0.19633213,0.25340835,-0.24036966,0.04604540,2
1031,0.09985884,-0.14726156,-0.02541534,0.58113610,-0.04248920,-0.05658551,2
1032,0.34582420,-0.12909742,0.23475876,0.28769849,0.09863581,-0.34784529,2
1033,-0.08731809,-0.30055644,0.09096590,-0.03329785,0.33255730,-0.15914705,2
1034,-0.08729874,-0.17987744,0.11514444,-0.18276340,-0.06413792,0.13859870,2
1035,-0.01074225,-0.10121111,0.19832511,-0.09541876,0.04051107,-0.08145129,2
1036,0.34825366,-0.10551030,0.34852903,-0.07476197,0.14828792,0.09361958,2
1037,0.33592868,-0.00777662,0.36883010,0.40168880,-0.01386088,0.05054547,2
1038,0.12971322,-0.05608592,0.48221882,0.07339134,-0.08119697,0.31387898,2
1039,0.18180938,0.36703136,0.20411781,0.08856919,-0.11231632,0.17431366,2
1040,-0.22506583,0.25069434,0.18856338,0.07626975,-0.13125814,-0.07857498,2
1041,0.05314139,-0.26132644,0.15695555,0.33964453,0.21693507,-0.30810269,2
1042,-0.00348559,-0.01749413,-0.01501020,-0.10255557,0.23436367,-0.14758930,2
1043,0.32169285,0.03719502,0.16938736,-0.26960201,-0.15241050,0.06006369,2
1044,0.27277889,-0.02410362,0.09286895,-0.26390915,-0.13338180,0.17906670,2
1045,-0.01977824,0.07070493,-0.12091719,-0.14356746,0.23055287,0.09785623,2
1046,-0.21866153,0.05840109,-0.31808588,-0.24491133,0.25407139,0.02065621,2
1047,0.19802910,0.05834215,-0.14177103,-0.04352840,-0.48746544,0.04666307,2
1048,0.06460561,0.23227646,0.12203172,-0.16504292,0.09462708,-0.02513685,2
1049,-0.17037250,0.19991639,0.01141311,0.23003197,0.01049597,0.02512449,2
1050,0.13919568,0.14796996,0.15190455,0.29805240,0.13345319,0.04206553,2
1051,0.34334531,0.03955130,0.08264401,0.46721502,0.36682272,0.01843268,2
1052,0.15907933,0.37425576,0.18474896,0.33896409,0.12420538,0.06842725,2
1053,0.13322268,0.00329021,0.12046845,0.22692398,-0.01979660,0.19506664,2
1054,0.33492993,0.15812838,0.04858849,0.26356868,0.06009322,-0.13013376,2
1055,0.31574279,0.14084927,0.45804464,0.46158496,0.17698521,-0.01672526,2
1056,0.25750980,-0.09659152,-0.11517192,0.11503624,0.11399932,-0.38691103,2
1057,0.03336999,0.01364138,-0.17926775,-0.00052546,0.00480986,0.12722455,2
1058,0.13298187,-0.08366438,-0.06173570,0.00417070,-0.13932368,-0.07824406,2
1059,0.23818053,-0.09625725,-0.24238785,0.03164104,0.00328964,-0.39210983,2
1060,0.09853002,0.19902276,-0.11650271,0.48149667,0.24761325,0.07527184,2
1061,0.64570241,0.17961464,-0.00449197,0.39356690,0.03359760,0.05500024,2
1062,0.23473033,0.25868426,-0.10656116,0.21525074,0.14339599,0.00123664,2
1063,-0.20415429,-0.11420018,-0.25315138,-0.00720689,0.11636195,0.03999414,2
1064,0.10517145,0.06264614,0.09073195,0.04869681,0.07972706,0.21680751,2
1065,0.21949727,0.13301166,0.31905413,-0.37313232,-0.03275379,0.04754545,2
1066,0.22096763,0.48597178,-0.10948732,0.16884692,-0.32230706,-0.18292146,2
1067,0.08519506,0.04449166,-0.37117430,0.24645671,0.01383857,0.10317376,2
1068,0.00898684,-0.02241257,-0.14500715,0.42544399,-0.45832556,-0.12343082,2
1069,0.09365643,-0.43174481,-0.13899745,0.14802034,-0.12305678,-0.04679988,2
1070,0.18302922,-0.22097527,-0.15364874,0.05526132,0.06936903,-0.33540202,2
1071,0.17089854,-0.08544617,0.08159063,0.18020019,0.27215147,-0.34068428,2
1072,0.04202545,-0.16481893,-0.17004450,0.34512897,0.38280298,-0.36786703,2
1073,0.00715138,-0.03602747,-0.05482979,-0.16841676,-0.09934233,-0.08593250,2
1074,-0.38304458,-0.07397981,-0.01490838,0.01028146,-0.08043037,-0.10649726,2
1075,-0.00544613,-0.12723222,-0.14773751,-0.09790452,0.06426025,0.25889094,2
1076,0.11880760,0.21791977,-0.11490795,-0.13459729,-0.03060705,0.09665745,2
1077,-0.16006614,0.36437963,0.13082277,-0.07449010,0.04536090,0.08585767,2
1078,0.04730044,-0.14757124,0.05131642,-0.08533798,0.05068252,-0.07249313,2
1079,-0.44811199,-0.19090806,-0.00520786,-0.00880169,0.31766372,0.07059248,2
1080,-0.17389574,-0.13132503,0.21283781,-0.23693208,0.07354040,-0.16266392,2
1081,0.13342260,0.04906337,-0.07135900,-0.16362692,0.07494840,-0.12209778,2
1082,-0.07480313,0.00520627,0.00125783,-0.09124253,-0.10893019,-0.29826464,2
1083,-0.03626465,-0.06286412,-0.12654403,-0.02152506,0.08867288,-0.01484937,2
1084,0.07988081,-0.04641707,-0.16123588,-0.20670956,-0.08203279,-0.00348932,2
1085,-0.15144510,0.05950054,-0.24560125,-0.35800249,0.08944837,-0.08704568,2
1086,-0.28859388,-0.11426724,-0.05221387,0.06297816,-0.14182091,-0.07998918,2
1087,0.08579634,-0.51535571,0.31248245,0.38289003,-0.48780483,-0.05539940,2
1088,-0.01363770,-0.41428641,0.04945689,0.32181922,0.03334355,-0.19017687,2
1089,0.03058123,-0.11813939,-0.23541217,-0.17299099,0.50125641,-0.20562360,2
1090,-0.04813376,0.08057394,-0.05272884,0.25940822,0.19680926,-0.37060152,2
1091,-0.21498580,-0.07436596,-0.15748853,-0.22108345,0.23819693,-0.37089680,2
1092,0.13300348,0.35125742,-0.20009765,-0.06941234,-0.20631252,-0.06323708,2
1093,-0.04875765,-0.07553117,-0.15487661,-0.07350686,-0.17394707,0.14102022,2
1094,-0.17703537,0.24269927,-0.27400101,0.24787906,-0.22746226,0.06654476,2
1095,-0.11020268,-0.16821590,0.03901148,0.31768029,0.18186441,-0.04138687,2
1096,0.05363613,-0.26356820,-0.17090041,-0.11205692,0.05928799,0.02534581,2
1097,-0.34519509,-0.03074562,0.20349927,0.17288103,-0.07726903,-0.23944414,2
1098,-0.02494532,-0.60917322,0.23389617,-0.06812410,0.35567464,-0.42415259,2
1099,0.14063405,-0.10942321,-0.05498842,-0.28058153,0.26452185,-0.07899336,2
1100,0.32128713,0.33679268,-0.14944596,-0.25166831,-0.23301341,0.22780276,2
1101,-0.05878509,0.48483565,0.08154907,0.05113095,-0.21550452,0.22671153,2
1102,-0.01659500,-0.00137087,0.21379571,-0.02239576,-0.25428177,0.21524288,2
1103,-0.02311321,0.01852445,0.06240160,-0.23120590,0.24992171,0.38023744,2
1104,0.10112977,0.05471377,0.06164494,0.15086922,-0.06191727,0.06605848,2
1105,0.41067418,-0.01153330,0.36079188,-0.16336356,0.10491837,0.40405204,2
1106,0.14234462,0.15822762,0.04244542,0.24685361,-0.14987226,0.17412148,2
1107,-0.11130400,0.27654372,0.26697109,0.13230301,-0.21007293,0.35885307,2
1108,-0.08459873,-0.23802978,-0.11634660,-0.09558197,-0.32144008,0.05769229,2
1109,0.07876481,-0.23630319,0.02617026,-0.19200053,-0.04654619,0.37306065,2
1110,-0.07003208,0.05563183,-0.18371439,0.22009222,-0.10389333,0.36561875,2
1111,-0.00535795,0.02031333,0.12470138,-0.01432927,0.21411674,0.03638411,2
1112,0.13480076,-0.00371903,0.12628143,-0.09034386,0.05117133,-0.17622884,2
1113,0.08185167,0.08934941,-0.08249975,-0.00734041,0.01594687,-0.19433122,2
1114,0.00939759,-0.11813109,0.34081107,0.21098025,0.03760790,0.11902780,2
1115,-0.30825631,-0.53851493,0.10583933,-0.16208057,0.03123642,0.09333908,2
1116,0.00334837,-0.43406713,0.14020183,-0.14899807,0.11458138,-0.04939330,2
1117,0.21922028,-0.08881559,0.36963884,-0.20021268,0.19175732,-0.03411196,2
1118,-0.00948561,0.26242943,0.10102604,-0.49604684,-0.53951211,0.21289509,2
1119,0.11382421,0.40024948,0.09073197,-0.43143652,-0.34889775,0.10279289,2
1120,-0.22400203,0.47911491,0.46691884,-0.05212208,-0.23848269,-0.18445511,2
1121,0.17412166,0.04069436,0.11078894,0.00240812,-0.24356958,-0.06084188,2
1122,-0.18658292,0.20125384,0.01588217,0.25897466,-0.09695187,-0.05330476,2
1123,-0.24184417,0.04642145,-0.16302396,-0.03816973,0.00606341,-0.00340209,2
1124,-0.41585292,-0.09747565,0.07055515,-0.15185517,-0.05468219,0.02762331,2
1125,-0.22769843,-0.33477336,0.03093968,0.00083659,-0.22100830,-0.05433610,2
1126,-0.34340249,-0.07629981,-0.01560510,-0.21735608,0.01737782,-0.24235848,2
1127,-0.37455323,-0.34448431,-0.25512319,0.06090507,-0.16537935,-0.03075727,2
1128,-0.29388483,-0.16219321,-0.30418900,-0.07521300,0.03785446,0.40445141,2
1129,-0.02470640,-0.22969579,0.08317973,0.27169925,-0.27716148,0.03972923,2
1130,0.00384593,-0.30168568,-0.01404554,-0.13438406,0.28580645,-0.23727070,2
1131,-0.06252081,0.20378458,-0.06666893,-0.22831602,-0.16267971,-0.15367024,2
1132,-0.21003434,0.09508685,-0.31727620,0.03834990,-0.09818726,-0.03854225,2
1133,0.17988570,-0.15588663,-0.27932010,-0.14307457,-0.06263121,-0.03461088,2
1134,-0.10446721,-0.33412619,-0.23201204,0.05929179,0.00173599,0.19954283,2
1135,0.32084677,-0.02125871,0.19297043,0.13179367,0.37202413,0.42757218,2
1136,0.33245281,0.29705672,0.14724614,0.13575104,0.05626074,0.31414144,2
1137,0.03724381,0.15547203,-0.28619738,0.45820746,-0.04132644,0.23064812,2
1138,0.37368286,-0.01028125,0.18745179,-0.03182563,0.50172669,0.30481659,2
1139,0.18672169,0.52457056,-0.05707770,0.04157026,0.36793700,-0.19183947,2
1140,0.18737859,0.41806359,0.28481395,-0.21548457,0.30306801,-0.19147823,2
1141,-0.04741405,0.11558713,-0.11480464,0.04066366,-0.24328371,0.04264861,2
1142,-0.13059333,-0.27351311,-0.13567143,0.06321778,-0.11332431,0.02633805,2
1143,0.08411008,0.01534132,-0.10945709,-0.20005190,0.04361257,0.09717941,2
1144,-0.26969039,-0.06428021,-0.15511246,-0.09259960,-0.17442782,0.17325013,2
1145,-0.42065857,-0.42073679,-0.08821638,-0.14479237,-0.31243028,-0.02723729,2
1146,-0.27773993,-0.39787644,-0.01783189,-0.29575359,0.22632709,0.07498885,2
1147,-0.32282679,-0.06956257,0.03186785,0.02289022,-0.06320368,0.17360376,2
1148,-0.12220674,0.11330048,0.28667364,-0.04715684,-0.04585333,0.17333389,2
1149,-0.09326088,0.29696980,0.18059353,-0.12635341,-0.12084577,-0.13632927,2
1150,0.03491133,-0.08426489,0.24557125,-0.30915087,-0.07776755,0.14253278,2
1151,-0.43746656,0.40507427,0.06466953,-0.08688631,0.02846279,0.19814607,2
1152,-0.15115508,0.19130482,0.16788614,0.15840501,0.01968031,0.44739201,2
1153,0.13231201,-0.34940531,0.64773757,-0.08368802,0.28035916,0.21651720,2
1154,0.22864159,-0.09443133,0.44813726,-0.04108550,0.38168605,0.18141064,2
1155,0.25515987,-0.22822177,0.22404953,0.12257832,0.13168826,0.25884714,2
1156,0.06608215,0.02658827,0.37134980,-0.28926535,0.19796603,0.06238054,2
1157,-0.19713433,0.21861150,0.39895954,0.09147280,-0.04858703,0.18715024,2
1158,0.09322187,-0.04851393,0.09437154,-0.13415900,0.12733877,0.08096825,2
1159,-0.17750462,-0.21870351,0.21007728,-0.12497956,0.06545525,0.26145933,2
1160,-0.33569362,-0.08968261,0.12245662,-0.03144528,0.24281977,-0.11558550,2
1161,-0.04389428,0.11648972,-0.00643441,-0.13248369,0.13677367,0.00737499,2
1162,0.05884442,0.19439866,-0.17787768,0.11341908,0.19357356,0.03698458,2
1163,-0.22072341,0.08598954,-0.03476469,-0.14448987,-0.02488527,-0.23618634,2
1164,-0.01286170,0.01240243,-0.36634991,-0.05651822,-0.06130303,-0.01880273,2
1165,-0.08764724,-0.14697979,-0.30445773,-0.12286205,-0.02507552,0.01773556,2
1166,-0.09652998,-0.12916936,-0.19322315,0.37794180,-0.14981998,-0.09204295,2
1167,0.63165559,-0.13509300,-0.35484859,0.27366220,-0.09318839,0.12007872,2
1168,0.28243561,-0.00259390,0.16123157,0.38946787,0.23601772,0.13510370,2
1169,0.11908856,0.17076220,0.32001217,0.25838754,0.46571280,0.21701529,2
1170,0.14178279,0.20198377,0.21598879,-0.08927891,0.12150984,0.14249962,2
1171,-0.03447188,0.22980426,0.13202018,0.14423252,0.09624993,0.09751474,2
1172,-0.23031964,0.37444635,0.05522698,0.03266256,-0.04216750,-0.04177263,2
1173,0.18878068,0.27236320,0.09462139,-0.07183478,0.05263291,-0.00648228,2
1174,0.02941338,0.24546323,-0.03924041,0.07061476,-0.00865875,0.10546124,2
1175,-0.08442999,0.19685739,-0.15594945,-0.06679920,-0.11839358,-0.14306778,2
1176,0.13367612,-0.15482188,-0.22767983,0.17559778,-0.17429097,-0.10156167,2
1177,-0.08976290,0.05361009,0.02857701,0.24037247,0.12020217,-0.03481033,2
1178,-0.08155688,-0.18809543,0.23669207,0.20718859,-0.05162575,-0.00930163,2
1179,-0.04470544,-0.35800167,0.13406009,-0.01605128,-0.10810649,-0.27064515,2
1180,-0.30346831,-0.22294935,-0.01906924,-0.17659192,0.14317398,-0.13986070,2
1181,-0.05952444,-0.12450893,-0.18252892,-0.13542338,-0.20088385,0.03092045,2
1182,-0.22179349,0.08455712,-0.13413517,0.12082730,-0.25918173,-0.10736778,2
1183,0.00139712,0.06160695,0.21600475,-0.00776974,0.28651594,-0.10294329,2
1184,0.19673655,-0.06944144,0.14688200,-0.42417915,-0.14808922,0.03529171,2
1185,-0.24290721,0.18845863,0.23603852,-0.20204023,-0.29284107,-0.06865446,2
1186,-0.31729221,-0.06835527,0.10640070,-0.20390993,0.16116076,-0.16197821,2
1187,0.07562442,-0.22199252,0.02237856,0.04227158,0.20459752,-0.15229034,2
1188,0.14026023,0.07471589,-0.12266671,0.14905156,0.42463192,0.01284625,2
1189,0.19154218,0.27040589,-0.31401862,0.18157935,-0.06466443,-0.10010113,2
1190,0.50691516,0.04332690,-0.29475224,0.33362138,-0.18526002,-0.12790073,2
1191,0.50578888,0.05928276,-0.44057318,0.37371564,-0.04481438,0.21665394,2
1192,0.17975587,0.27357135,0.17586049,0.13815572,0.03016940,0.17246762,2
1193,-0.05054321,0.17132916,0.07697935,0.06153409,0.00535301,0.09443488,2
1194,0.02129690,-0.08377407,-0.04411851,-0.01137444,-0.01890633,-0.03430872,2
1195,0.06480656,-0.34872172,-0.15887412,-0.04883604,-0.14827379,0.27702164,2
1196,0.02019421,-0.08665524,-0.09267823,-0.00374265,-0.21057418,0.10051244,2
1197,-0.16102862,-0.12729094,-0.47828097,-0.19878613,0.22809800,0.19703149,2
1198,0.12878060,0.26620377,-0.04378687,-0.20581031,-0.16053698,0.29964426,2
1199,0.02227349,0.58715188,-0.01548032,0.31033694,-0.15109835,0.38227270,2
